2026-04-03T20:57:23.238+05:30  INFO 45390 --- [canteen-management] [main] c.o.canteen.CanteenApplicationTests      : Starting CanteenApplicationTests using Java 17.0.12 with PID 45390 (started by satwikpoddar in /Users/satwikpoddar/devlopment/java-project/canteen)
2026-04-03T20:57:23.240+05:30  INFO 45390 --- [canteen-management] [main] c.o.canteen.CanteenApplicationTests      : No active profile set, falling back to 1 default profile: "default"
2026-04-03T20:57:23.445+05:30  INFO 45390 --- [canteen-management] [main] .s.d.r.c.RepositoryConfigurationDelegate : Bootstrapping Spring Data JPA repositories in DEFAULT mode.
2026-04-03T20:57:23.460+05:30  INFO 45390 --- [canteen-management] [main] .s.d.r.c.RepositoryConfigurationDelegate : Finished Spring Data repository scanning in 12 ms. Found 1 JPA repository interface.
2026-04-03T20:57:23.598+05:30  INFO 45390 --- [canteen-management] [main] o.hibernate.jpa.internal.util.LogHelper  : HHH000204: Processing PersistenceUnitInfo [name: default]
2026-04-03T20:57:23.618+05:30  INFO 45390 --- [canteen-management] [main] org.hibernate.Version                    : HHH000412: Hibernate ORM core version 6.6.39.Final
2026-04-03T20:57:23.628+05:30  INFO 45390 --- [canteen-management] [main] o.h.c.internal.RegionFactoryInitiator    : HHH000026: Second-level cache disabled
2026-04-03T20:57:23.721+05:30  INFO 45390 --- [canteen-management] [main] o.s.o.j.p.SpringPersistenceUnitInfo      : No LoadTimeWeaver setup: ignoring JPA class transformer
2026-04-03T20:57:23.731+05:30  INFO 45390 --- [canteen-management] [main] com.zaxxer.hikari.HikariDataSource       : HikariPool-1 - Starting...
2026-04-03T20:57:23.796+05:30  INFO 45390 --- [canteen-management] [main] com.zaxxer.hikari.pool.HikariPool        : HikariPool-1 - Added connection conn0: url=jdbc:h2:mem:canteen-db user=SA
2026-04-03T20:57:23.797+05:30  INFO 45390 --- [canteen-management] [main] com.zaxxer.hikari.HikariDataSource       : HikariPool-1 - Start completed.
2026-04-03T20:57:23.805+05:30  WARN 45390 --- [canteen-management] [main] org.hibernate.orm.deprecation            : HHH90000025: H2Dialect does not need to be specified explicitly using 'hibernate.dialect' (remove the property setting and it will be selected by default)
2026-04-03T20:57:23.811+05:30  INFO 45390 --- [canteen-management] [main] org.hibernate.orm.connections.pooling    : HHH10001005: Database info:
	Database JDBC URL [Connecting through datasource 'HikariDataSource (HikariPool-1)']
	Database driver: undefined/unknown
	Database version: 2.3.232
	Autocommit mode: undefined/unknown
	Isolation level: undefined/unknown
	Minimum pool size: undefined/unknown
	Maximum pool size: undefined/unknown
2026-04-03T20:57:24.053+05:30  INFO 45390 --- [canteen-management] [main] o.h.e.t.j.p.i.JtaPlatformInitiator       : HHH000489: No JTA platform available (set 'hibernate.transaction.jta.platform' to enable JTA platform integration)
2026-04-03T20:57:24.067+05:30 DEBUG 45390 --- [canteen-management] [main] org.hibernate.SQL                        : 
    create table meal_selection (
        id bigint generated by default as identity,
        created_at timestamp(6),
        employee_id bigint not null,
        meal_date date not null,
        meal_type enum ('NONE','NON_VEG','NO_MEAL','VEG') not null,
        updated_at timestamp(6),
        primary key (id)
    )
2026-04-03T20:57:24.070+05:30 DEBUG 45390 --- [canteen-management] [main] org.hibernate.SQL                        : 
    alter table if exists meal_selection 
       drop constraint if exists UKof7j3fust3jueua0epiha0ure
2026-04-03T20:57:24.070+05:30 DEBUG 45390 --- [canteen-management] [main] org.hibernate.SQL                        : 
    alter table if exists meal_selection 
       add constraint UKof7j3fust3jueua0epiha0ure unique (employee_id, meal_date)
2026-04-03T20:57:24.071+05:30  INFO 45390 --- [canteen-management] [main] j.LocalContainerEntityManagerFactoryBean : Initialized JPA EntityManagerFactory for persistence unit 'default'
2026-04-03T20:57:24.165+05:30  WARN 45390 --- [canteen-management] [main] JpaBaseConfiguration$JpaWebConfiguration : spring.jpa.open-in-view is enabled by default. Therefore, database queries may be performed during view rendering. Explicitly configure spring.jpa.open-in-view to disable this warning
2026-04-03T20:57:24.175+05:30  WARN 45390 --- [canteen-management] [main] .s.s.UserDetailsServiceAutoConfiguration : 

Using generated security password: 0d6c61eb-8409-4c92-a1d4-e721ce1d8026

This generated password is for development use only. Your security configuration must be updated before running your application in production.

2026-04-03T20:57:24.177+05:30  INFO 45390 --- [canteen-management] [main] r$InitializeUserDetailsManagerConfigurer : Global AuthenticationManager configured with UserDetailsService bean with name inMemoryUserDetailsManager
2026-04-03T20:57:24.325+05:30  INFO 45390 --- [canteen-management] [main] o.s.b.a.h2.H2ConsoleAutoConfiguration    : H2 console available at '/h2-console'. Database available at 'jdbc:h2:mem:canteen-db'
2026-04-03T20:57:24.356+05:30  INFO 45390 --- [canteen-management] [main] c.o.canteen.CanteenApplicationTests      : Started CanteenApplicationTests in 1.224 seconds (process running for 1.545)
2026-04-03T20:57:24.605+05:30  INFO 45390 --- [canteen-management] [SpringApplicationShutdownHook] j.LocalContainerEntityManagerFactoryBean : Closing JPA EntityManagerFactory for persistence unit 'default'
2026-04-03T20:57:24.606+05:30  INFO 45390 --- [canteen-management] [SpringApplicationShutdownHook] com.zaxxer.hikari.HikariDataSource       : HikariPool-1 - Shutdown initiated...
2026-04-03T20:57:24.606+05:30  INFO 45390 --- [canteen-management] [SpringApplicationShutdownHook] com.zaxxer.hikari.HikariDataSource       : HikariPool-1 - Shutdown completed.
2026-04-03T21:10:50.678+05:30  INFO 46426 --- [canteen-management] [main] com.office.canteen.CanteenApplication    : Starting CanteenApplication using Java 17.0.12 with PID 46426 (/Users/satwikpoddar/devlopment/java-project/canteen/target/classes started by satwikpoddar in /Users/satwikpoddar/devlopment/java-project/canteen)
2026-04-03T21:10:50.680+05:30  INFO 46426 --- [canteen-management] [main] com.office.canteen.CanteenApplication    : No active profile set, falling back to 1 default profile: "default"
2026-04-03T21:10:50.880+05:30  INFO 46426 --- [canteen-management] [main] .s.d.r.c.RepositoryConfigurationDelegate : Bootstrapping Spring Data JPA repositories in DEFAULT mode.
2026-04-03T21:10:50.896+05:30  INFO 46426 --- [canteen-management] [main] .s.d.r.c.RepositoryConfigurationDelegate : Finished Spring Data repository scanning in 13 ms. Found 1 JPA repository interface.
2026-04-03T21:10:51.063+05:30  INFO 46426 --- [canteen-management] [main] o.s.b.w.embedded.tomcat.TomcatWebServer  : Tomcat initialized with port 8080 (http)
2026-04-03T21:10:51.067+05:30  INFO 46426 --- [canteen-management] [main] o.apache.catalina.core.StandardService   : Starting service [Tomcat]
2026-04-03T21:10:51.067+05:30  INFO 46426 --- [canteen-management] [main] o.apache.catalina.core.StandardEngine    : Starting Servlet engine: [Apache Tomcat/10.1.50]
2026-04-03T21:10:51.082+05:30  INFO 46426 --- [canteen-management] [main] o.a.c.c.C.[Tomcat].[localhost].[/]       : Initializing Spring embedded WebApplicationContext
2026-04-03T21:10:51.083+05:30  INFO 46426 --- [canteen-management] [main] w.s.c.ServletWebServerApplicationContext : Root WebApplicationContext: initialization completed in 390 ms
2026-04-03T21:10:51.127+05:30  INFO 46426 --- [canteen-management] [main] o.hibernate.jpa.internal.util.LogHelper  : HHH000204: Processing PersistenceUnitInfo [name: default]
2026-04-03T21:10:51.146+05:30  INFO 46426 --- [canteen-management] [main] org.hibernate.Version                    : HHH000412: Hibernate ORM core version 6.6.39.Final
2026-04-03T21:10:51.156+05:30  INFO 46426 --- [canteen-management] [main] o.h.c.internal.RegionFactoryInitiator    : HHH000026: Second-level cache disabled
2026-04-03T21:10:51.242+05:30  INFO 46426 --- [canteen-management] [main] o.s.o.j.p.SpringPersistenceUnitInfo      : No LoadTimeWeaver setup: ignoring JPA class transformer
2026-04-03T21:10:51.252+05:30  INFO 46426 --- [canteen-management] [main] com.zaxxer.hikari.HikariDataSource       : HikariPool-1 - Starting...
2026-04-03T21:10:51.314+05:30  INFO 46426 --- [canteen-management] [main] com.zaxxer.hikari.pool.HikariPool        : HikariPool-1 - Added connection conn0: url=jdbc:h2:mem:canteen-db user=SA
2026-04-03T21:10:51.314+05:30  INFO 46426 --- [canteen-management] [main] com.zaxxer.hikari.HikariDataSource       : HikariPool-1 - Start completed.
2026-04-03T21:10:51.335+05:30  INFO 46426 --- [canteen-management] [main] org.hibernate.orm.connections.pooling    : HHH10001005: Database info:
	Database JDBC URL [Connecting through datasource 'HikariDataSource (HikariPool-1)']
	Database driver: undefined/unknown
	Database version: 2.3.232
	Autocommit mode: undefined/unknown
	Isolation level: undefined/unknown
	Minimum pool size: undefined/unknown
	Maximum pool size: undefined/unknown
2026-04-03T21:10:51.553+05:30  INFO 46426 --- [canteen-management] [main] o.h.e.t.j.p.i.JtaPlatformInitiator       : HHH000489: No JTA platform available (set 'hibernate.transaction.jta.platform' to enable JTA platform integration)
2026-04-03T21:10:51.569+05:30 DEBUG 46426 --- [canteen-management] [main] org.hibernate.SQL                        : 
    create table meal_selection (
        id bigint generated by default as identity,
        created_at timestamp(6),
        employee_id bigint not null,
        meal_date date not null,
        meal_type enum ('NONE','NON_VEG','NO_MEAL','VEG') not null,
        updated_at timestamp(6),
        primary key (id)
    )
2026-04-03T21:10:51.572+05:30 DEBUG 46426 --- [canteen-management] [main] org.hibernate.SQL                        : 
    alter table if exists meal_selection 
       drop constraint if exists UKof7j3fust3jueua0epiha0ure
2026-04-03T21:10:51.572+05:30 DEBUG 46426 --- [canteen-management] [main] org.hibernate.SQL                        : 
    alter table if exists meal_selection 
       add constraint UKof7j3fust3jueua0epiha0ure unique (employee_id, meal_date)
2026-04-03T21:10:51.573+05:30  INFO 46426 --- [canteen-management] [main] j.LocalContainerEntityManagerFactoryBean : Initialized JPA EntityManagerFactory for persistence unit 'default'
2026-04-03T21:10:51.675+05:30  WARN 46426 --- [canteen-management] [main] .s.s.UserDetailsServiceAutoConfiguration : 

Using generated security password: 826d20a2-bb24-46b5-8f62-fd8da07e0330

This generated password is for development use only. Your security configuration must be updated before running your application in production.

2026-04-03T21:10:51.677+05:30  INFO 46426 --- [canteen-management] [main] r$InitializeUserDetailsManagerConfigurer : Global AuthenticationManager configured with UserDetailsService bean with name inMemoryUserDetailsManager
2026-04-03T21:10:51.781+05:30  INFO 46426 --- [canteen-management] [main] o.s.b.a.h2.H2ConsoleAutoConfiguration    : H2 console available at '/h2-console'. Database available at 'jdbc:h2:mem:canteen-db'
2026-04-03T21:10:51.815+05:30  INFO 46426 --- [canteen-management] [main] o.s.b.w.embedded.tomcat.TomcatWebServer  : Tomcat started on port 8080 (http) with context path '/'
2026-04-03T21:10:51.818+05:30  INFO 46426 --- [canteen-management] [main] com.office.canteen.CanteenApplication    : Started CanteenApplication in 1.28 seconds (process running for 1.373)
2026-04-03T21:11:23.313+05:30  INFO 46426 --- [canteen-management] [http-nio-8080-exec-1] o.a.c.c.C.[Tomcat].[localhost].[/]       : Initializing Spring DispatcherServlet 'dispatcherServlet'
2026-04-03T21:11:23.313+05:30  INFO 46426 --- [canteen-management] [http-nio-8080-exec-1] o.s.web.servlet.DispatcherServlet        : Initializing Servlet 'dispatcherServlet'
2026-04-03T21:11:23.314+05:30  INFO 46426 --- [canteen-management] [http-nio-8080-exec-1] o.s.web.servlet.DispatcherServlet        : Completed initialization in 1 ms
2026-04-03T21:11:34.472+05:30 DEBUG 46426 --- [canteen-management] [http-nio-8080-exec-3] org.hibernate.SQL                        : 
    select
        ms1_0.id,
        ms1_0.created_at,
        ms1_0.employee_id,
        ms1_0.meal_date,
        ms1_0.meal_type,
        ms1_0.updated_at 
    from
        meal_selection ms1_0 
    where
        ms1_0.employee_id=? 
        and ms1_0.meal_date between ? and ?
2026-04-03T21:11:44.651+05:30 DEBUG 46426 --- [canteen-management] [http-nio-8080-exec-4] org.hibernate.SQL                        : 
    select
        ms1_0.id,
        ms1_0.created_at,
        ms1_0.employee_id,
        ms1_0.meal_date,
        ms1_0.meal_type,
        ms1_0.updated_at 
    from
        meal_selection ms1_0 
    where
        ms1_0.employee_id=? 
        and ms1_0.meal_date between ? and ?
2026-04-03T21:11:55.207+05:30 DEBUG 46426 --- [canteen-management] [http-nio-8080-exec-5] org.hibernate.SQL                        : 
    select
        ms1_0.id,
        ms1_0.created_at,
        ms1_0.employee_id,
        ms1_0.meal_date,
        ms1_0.meal_type,
        ms1_0.updated_at 
    from
        meal_selection ms1_0 
    where
        ms1_0.employee_id=? 
        and ms1_0.meal_date between ? and ?
2026-04-03T21:14:15.939+05:30  INFO 46755 --- [canteen-management] [main] com.office.canteen.CanteenApplication    : Starting CanteenApplication using Java 17.0.12 with PID 46755 (/Users/satwikpoddar/devlopment/java-project/canteen/target/classes started by satwikpoddar in /Users/satwikpoddar/devlopment/java-project/canteen)
2026-04-03T21:14:15.942+05:30  INFO 46755 --- [canteen-management] [main] com.office.canteen.CanteenApplication    : No active profile set, falling back to 1 default profile: "default"
2026-04-03T21:14:16.202+05:30  INFO 46755 --- [canteen-management] [main] .s.d.r.c.RepositoryConfigurationDelegate : Bootstrapping Spring Data JPA repositories in DEFAULT mode.
2026-04-03T21:14:16.220+05:30  INFO 46755 --- [canteen-management] [main] .s.d.r.c.RepositoryConfigurationDelegate : Finished Spring Data repository scanning in 14 ms. Found 1 JPA repository interface.
2026-04-03T21:14:16.384+05:30  INFO 46755 --- [canteen-management] [main] o.s.b.w.embedded.tomcat.TomcatWebServer  : Tomcat initialized with port 8080 (http)
2026-04-03T21:14:16.389+05:30  INFO 46755 --- [canteen-management] [main] o.apache.catalina.core.StandardService   : Starting service [Tomcat]
2026-04-03T21:14:16.389+05:30  INFO 46755 --- [canteen-management] [main] o.apache.catalina.core.StandardEngine    : Starting Servlet engine: [Apache Tomcat/10.1.50]
2026-04-03T21:14:16.409+05:30  INFO 46755 --- [canteen-management] [main] o.a.c.c.C.[Tomcat].[localhost].[/]       : Initializing Spring embedded WebApplicationContext
2026-04-03T21:14:16.410+05:30  INFO 46755 --- [canteen-management] [main] w.s.c.ServletWebServerApplicationContext : Root WebApplicationContext: initialization completed in 452 ms
2026-04-03T21:14:16.462+05:30  INFO 46755 --- [canteen-management] [main] o.hibernate.jpa.internal.util.LogHelper  : HHH000204: Processing PersistenceUnitInfo [name: default]
2026-04-03T21:14:16.476+05:30  INFO 46755 --- [canteen-management] [main] org.hibernate.Version                    : HHH000412: Hibernate ORM core version 6.6.39.Final
2026-04-03T21:14:16.484+05:30  INFO 46755 --- [canteen-management] [main] o.h.c.internal.RegionFactoryInitiator    : HHH000026: Second-level cache disabled
2026-04-03T21:14:16.555+05:30  INFO 46755 --- [canteen-management] [main] o.s.o.j.p.SpringPersistenceUnitInfo      : No LoadTimeWeaver setup: ignoring JPA class transformer
2026-04-03T21:14:16.563+05:30  INFO 46755 --- [canteen-management] [main] com.zaxxer.hikari.HikariDataSource       : HikariPool-1 - Starting...
2026-04-03T21:14:16.611+05:30  INFO 46755 --- [canteen-management] [main] com.zaxxer.hikari.pool.HikariPool        : HikariPool-1 - Added connection conn0: url=jdbc:h2:mem:canteen-db user=SA
2026-04-03T21:14:16.611+05:30  INFO 46755 --- [canteen-management] [main] com.zaxxer.hikari.HikariDataSource       : HikariPool-1 - Start completed.
2026-04-03T21:14:16.636+05:30  INFO 46755 --- [canteen-management] [main] org.hibernate.orm.connections.pooling    : HHH10001005: Database info:
	Database JDBC URL [Connecting through datasource 'HikariDataSource (HikariPool-1)']
	Database driver: undefined/unknown
	Database version: 2.3.232
	Autocommit mode: undefined/unknown
	Isolation level: undefined/unknown
	Minimum pool size: undefined/unknown
	Maximum pool size: undefined/unknown
2026-04-03T21:14:16.897+05:30  INFO 46755 --- [canteen-management] [main] o.h.e.t.j.p.i.JtaPlatformInitiator       : HHH000489: No JTA platform available (set 'hibernate.transaction.jta.platform' to enable JTA platform integration)
2026-04-03T21:14:16.913+05:30 DEBUG 46755 --- [canteen-management] [main] org.hibernate.SQL                        : 
    create table meal_selection (
        id bigint generated by default as identity,
        created_at timestamp(6),
        employee_id bigint not null,
        meal_date date not null,
        meal_type enum ('NONE','NON_VEG','NO_MEAL','VEG') not null,
        updated_at timestamp(6),
        primary key (id)
    )
2026-04-03T21:14:16.916+05:30 DEBUG 46755 --- [canteen-management] [main] org.hibernate.SQL                        : 
    alter table if exists meal_selection 
       drop constraint if exists UKof7j3fust3jueua0epiha0ure
2026-04-03T21:14:16.916+05:30 DEBUG 46755 --- [canteen-management] [main] org.hibernate.SQL                        : 
    alter table if exists meal_selection 
       add constraint UKof7j3fust3jueua0epiha0ure unique (employee_id, meal_date)
2026-04-03T21:14:16.917+05:30  INFO 46755 --- [canteen-management] [main] j.LocalContainerEntityManagerFactoryBean : Initialized JPA EntityManagerFactory for persistence unit 'default'
2026-04-03T21:14:17.017+05:30  WARN 46755 --- [canteen-management] [main] .s.s.UserDetailsServiceAutoConfiguration : 

Using generated security password: 2473cc38-5ad4-41e3-bb1c-7dbe93b0c0ef

This generated password is for development use only. Your security configuration must be updated before running your application in production.

2026-04-03T21:14:17.020+05:30  INFO 46755 --- [canteen-management] [main] r$InitializeUserDetailsManagerConfigurer : Global AuthenticationManager configured with UserDetailsService bean with name inMemoryUserDetailsManager
2026-04-03T21:14:17.133+05:30  INFO 46755 --- [canteen-management] [main] o.s.b.a.h2.H2ConsoleAutoConfiguration    : H2 console available at '/h2-console'. Database available at 'jdbc:h2:mem:canteen-db'
2026-04-03T21:14:17.170+05:30  WARN 46755 --- [canteen-management] [main] ConfigServletWebServerApplicationContext : Exception encountered during context initialization - cancelling refresh attempt: org.springframework.context.ApplicationContextException: Failed to start bean 'webServerStartStop'
2026-04-03T21:14:17.171+05:30  INFO 46755 --- [canteen-management] [main] j.LocalContainerEntityManagerFactoryBean : Closing JPA EntityManagerFactory for persistence unit 'default'
2026-04-03T21:14:17.172+05:30  INFO 46755 --- [canteen-management] [main] com.zaxxer.hikari.HikariDataSource       : HikariPool-1 - Shutdown initiated...
2026-04-03T21:14:17.173+05:30  INFO 46755 --- [canteen-management] [main] com.zaxxer.hikari.HikariDataSource       : HikariPool-1 - Shutdown completed.
2026-04-03T21:14:17.178+05:30  INFO 46755 --- [canteen-management] [main] .s.b.a.l.ConditionEvaluationReportLogger : 

Error starting ApplicationContext. To display the condition evaluation report re-run your application with 'debug' enabled.
2026-04-03T21:14:17.184+05:30 ERROR 46755 --- [canteen-management] [main] o.s.b.d.LoggingFailureAnalysisReporter   : 

***************************
APPLICATION FAILED TO START
***************************

Description:

Web server failed to start. Port 8080 was already in use.

Action:

Identify and stop the process that's listening on port 8080 or configure this application to listen on another port.

2026-04-03T21:15:21.301+05:30 DEBUG 46426 --- [canteen-management] [http-nio-8080-exec-3] org.hibernate.SQL                        : 
    select
        ms1_0.id,
        ms1_0.created_at,
        ms1_0.employee_id,
        ms1_0.meal_date,
        ms1_0.meal_type,
        ms1_0.updated_at 
    from
        meal_selection ms1_0 
    where
        ms1_0.employee_id=? 
        and ms1_0.meal_date between ? and ?
2026-04-03T21:15:27.197+05:30 DEBUG 46426 --- [canteen-management] [http-nio-8080-exec-4] org.hibernate.SQL                        : 
    select
        ms1_0.id,
        ms1_0.created_at,
        ms1_0.employee_id,
        ms1_0.meal_date,
        ms1_0.meal_type,
        ms1_0.updated_at 
    from
        meal_selection ms1_0 
    where
        ms1_0.employee_id=? 
        and ms1_0.meal_date between ? and ?
2026-04-03T21:15:33.530+05:30 DEBUG 46426 --- [canteen-management] [http-nio-8080-exec-5] org.hibernate.SQL                        : 
    select
        ms1_0.id,
        ms1_0.created_at,
        ms1_0.employee_id,
        ms1_0.meal_date,
        ms1_0.meal_type,
        ms1_0.updated_at 
    from
        meal_selection ms1_0 
    where
        ms1_0.employee_id=? 
        and ms1_0.meal_date between ? and ?
2026-04-03T21:15:34.910+05:30 DEBUG 46426 --- [canteen-management] [http-nio-8080-exec-6] org.hibernate.SQL                        : 
    select
        ms1_0.id,
        ms1_0.created_at,
        ms1_0.employee_id,
        ms1_0.meal_date,
        ms1_0.meal_type,
        ms1_0.updated_at 
    from
        meal_selection ms1_0 
    where
        ms1_0.employee_id=? 
        and ms1_0.meal_date between ? and ?
2026-04-03T21:15:35.364+05:30 DEBUG 46426 --- [canteen-management] [http-nio-8080-exec-7] org.hibernate.SQL                        : 
    select
        ms1_0.id,
        ms1_0.created_at,
        ms1_0.employee_id,
        ms1_0.meal_date,
        ms1_0.meal_type,
        ms1_0.updated_at 
    from
        meal_selection ms1_0 
    where
        ms1_0.employee_id=? 
        and ms1_0.meal_date between ? and ?
2026-04-03T21:15:37.030+05:30 DEBUG 46426 --- [canteen-management] [http-nio-8080-exec-8] org.hibernate.SQL                        : 
    select
        ms1_0.id,
        ms1_0.created_at,
        ms1_0.employee_id,
        ms1_0.meal_date,
        ms1_0.meal_type,
        ms1_0.updated_at 
    from
        meal_selection ms1_0 
    where
        ms1_0.employee_id=? 
        and ms1_0.meal_date between ? and ?
2026-04-03T21:15:38.146+05:30 DEBUG 46426 --- [canteen-management] [http-nio-8080-exec-10] org.hibernate.SQL                        : 
    select
        ms1_0.id,
        ms1_0.created_at,
        ms1_0.employee_id,
        ms1_0.meal_date,
        ms1_0.meal_type,
        ms1_0.updated_at 
    from
        meal_selection ms1_0 
    where
        ms1_0.employee_id=? 
        and ms1_0.meal_date between ? and ?
2026-04-03T21:15:39.458+05:30 DEBUG 46426 --- [canteen-management] [http-nio-8080-exec-9] org.hibernate.SQL                        : 
    select
        ms1_0.id,
        ms1_0.created_at,
        ms1_0.employee_id,
        ms1_0.meal_date,
        ms1_0.meal_type,
        ms1_0.updated_at 
    from
        meal_selection ms1_0 
    where
        ms1_0.employee_id=? 
        and ms1_0.meal_date between ? and ?
2026-04-03T21:15:39.643+05:30 DEBUG 46426 --- [canteen-management] [http-nio-8080-exec-1] org.hibernate.SQL                        : 
    select
        ms1_0.id,
        ms1_0.created_at,
        ms1_0.employee_id,
        ms1_0.meal_date,
        ms1_0.meal_type,
        ms1_0.updated_at 
    from
        meal_selection ms1_0 
    where
        ms1_0.employee_id=? 
        and ms1_0.meal_date between ? and ?
2026-04-03T21:15:41.110+05:30 DEBUG 46426 --- [canteen-management] [http-nio-8080-exec-2] org.hibernate.SQL                        : 
    select
        ms1_0.id,
        ms1_0.created_at,
        ms1_0.employee_id,
        ms1_0.meal_date,
        ms1_0.meal_type,
        ms1_0.updated_at 
    from
        meal_selection ms1_0 
    where
        ms1_0.employee_id=? 
        and ms1_0.meal_date between ? and ?
2026-04-03T21:15:44.402+05:30 DEBUG 46426 --- [canteen-management] [http-nio-8080-exec-4] org.hibernate.SQL                        : 
    select
        ms1_0.id,
        ms1_0.created_at,
        ms1_0.employee_id,
        ms1_0.meal_date,
        ms1_0.meal_type,
        ms1_0.updated_at 
    from
        meal_selection ms1_0 
    where
        ms1_0.employee_id=? 
        and ms1_0.meal_date between ? and ?
2026-04-03T21:16:05.680+05:30 DEBUG 46426 --- [canteen-management] [http-nio-8080-exec-5] org.hibernate.SQL                        : 
    select
        ms1_0.id,
        ms1_0.created_at,
        ms1_0.employee_id,
        ms1_0.meal_date,
        ms1_0.meal_type,
        ms1_0.updated_at 
    from
        meal_selection ms1_0 
    where
        ms1_0.employee_id=? 
        and ms1_0.meal_date=?
2026-04-03T21:16:05.690+05:30 DEBUG 46426 --- [canteen-management] [http-nio-8080-exec-5] org.hibernate.SQL                        : 
    insert 
    into
        meal_selection
        (created_at, employee_id, meal_date, meal_type, updated_at, id) 
    values
        (?, ?, ?, ?, ?, default)
2026-04-03T21:16:05.698+05:30 DEBUG 46426 --- [canteen-management] [http-nio-8080-exec-5] org.hibernate.SQL                        : 
    select
        ms1_0.id,
        ms1_0.created_at,
        ms1_0.employee_id,
        ms1_0.meal_date,
        ms1_0.meal_type,
        ms1_0.updated_at 
    from
        meal_selection ms1_0 
    where
        ms1_0.employee_id=? 
        and ms1_0.meal_date=?
2026-04-03T21:16:05.698+05:30 DEBUG 46426 --- [canteen-management] [http-nio-8080-exec-5] org.hibernate.SQL                        : 
    insert 
    into
        meal_selection
        (created_at, employee_id, meal_date, meal_type, updated_at, id) 
    values
        (?, ?, ?, ?, ?, default)
2026-04-03T21:16:05.699+05:30 DEBUG 46426 --- [canteen-management] [http-nio-8080-exec-5] org.hibernate.SQL                        : 
    select
        ms1_0.id,
        ms1_0.created_at,
        ms1_0.employee_id,
        ms1_0.meal_date,
        ms1_0.meal_type,
        ms1_0.updated_at 
    from
        meal_selection ms1_0 
    where
        ms1_0.employee_id=? 
        and ms1_0.meal_date=?
2026-04-03T21:16:05.699+05:30 DEBUG 46426 --- [canteen-management] [http-nio-8080-exec-5] org.hibernate.SQL                        : 
    insert 
    into
        meal_selection
        (created_at, employee_id, meal_date, meal_type, updated_at, id) 
    values
        (?, ?, ?, ?, ?, default)
2026-04-03T21:16:05.700+05:30 DEBUG 46426 --- [canteen-management] [http-nio-8080-exec-5] org.hibernate.SQL                        : 
    select
        ms1_0.id,
        ms1_0.created_at,
        ms1_0.employee_id,
        ms1_0.meal_date,
        ms1_0.meal_type,
        ms1_0.updated_at 
    from
        meal_selection ms1_0 
    where
        ms1_0.employee_id=? 
        and ms1_0.meal_date=?
2026-04-03T21:16:05.700+05:30 DEBUG 46426 --- [canteen-management] [http-nio-8080-exec-5] org.hibernate.SQL                        : 
    insert 
    into
        meal_selection
        (created_at, employee_id, meal_date, meal_type, updated_at, id) 
    values
        (?, ?, ?, ?, ?, default)
2026-04-03T21:16:05.700+05:30 DEBUG 46426 --- [canteen-management] [http-nio-8080-exec-5] org.hibernate.SQL                        : 
    select
        ms1_0.id,
        ms1_0.created_at,
        ms1_0.employee_id,
        ms1_0.meal_date,
        ms1_0.meal_type,
        ms1_0.updated_at 
    from
        meal_selection ms1_0 
    where
        ms1_0.employee_id=? 
        and ms1_0.meal_date=?
2026-04-03T21:16:05.701+05:30 DEBUG 46426 --- [canteen-management] [http-nio-8080-exec-5] org.hibernate.SQL                        : 
    insert 
    into
        meal_selection
        (created_at, employee_id, meal_date, meal_type, updated_at, id) 
    values
        (?, ?, ?, ?, ?, default)
2026-04-03T21:27:21.697+05:30 DEBUG 46426 --- [canteen-management] [http-nio-8080-exec-2] org.hibernate.SQL                        : 
    select
        ms1_0.id,
        ms1_0.created_at,
        ms1_0.employee_id,
        ms1_0.meal_date,
        ms1_0.meal_type,
        ms1_0.updated_at 
    from
        meal_selection ms1_0 
    where
        ms1_0.employee_id=? 
        and ms1_0.meal_date between ? and ?
2026-04-03T21:28:38.323+05:30 DEBUG 46426 --- [canteen-management] [http-nio-8080-exec-5] org.hibernate.SQL                        : 
    select
        ms1_0.id,
        ms1_0.created_at,
        ms1_0.employee_id,
        ms1_0.meal_date,
        ms1_0.meal_type,
        ms1_0.updated_at 
    from
        meal_selection ms1_0 
    where
        ms1_0.employee_id=? 
        and ms1_0.meal_date between ? and ?
2026-04-03T21:30:36.824+05:30 DEBUG 46426 --- [canteen-management] [http-nio-8080-exec-9] org.hibernate.SQL                        : 
    select
        ms1_0.id,
        ms1_0.created_at,
        ms1_0.employee_id,
        ms1_0.meal_date,
        ms1_0.meal_type,
        ms1_0.updated_at 
    from
        meal_selection ms1_0 
    where
        ms1_0.employee_id=? 
        and ms1_0.meal_date between ? and ?
2026-04-03T21:30:59.816+05:30 DEBUG 46426 --- [canteen-management] [http-nio-8080-exec-1] org.hibernate.SQL                        : 
    select
        ms1_0.id,
        ms1_0.created_at,
        ms1_0.employee_id,
        ms1_0.meal_date,
        ms1_0.meal_type,
        ms1_0.updated_at 
    from
        meal_selection ms1_0 
    where
        ms1_0.employee_id=? 
        and ms1_0.meal_date between ? and ?
2026-04-03T21:31:01.177+05:30 DEBUG 46426 --- [canteen-management] [http-nio-8080-exec-2] org.hibernate.SQL                        : 
    select
        ms1_0.id,
        ms1_0.created_at,
        ms1_0.employee_id,
        ms1_0.meal_date,
        ms1_0.meal_type,
        ms1_0.updated_at 
    from
        meal_selection ms1_0 
    where
        ms1_0.employee_id=? 
        and ms1_0.meal_date between ? and ?
2026-04-03T21:31:02.528+05:30 DEBUG 46426 --- [canteen-management] [http-nio-8080-exec-3] org.hibernate.SQL                        : 
    select
        ms1_0.id,
        ms1_0.created_at,
        ms1_0.employee_id,
        ms1_0.meal_date,
        ms1_0.meal_type,
        ms1_0.updated_at 
    from
        meal_selection ms1_0 
    where
        ms1_0.employee_id=? 
        and ms1_0.meal_date between ? and ?
2026-04-03T21:31:03.881+05:30 DEBUG 46426 --- [canteen-management] [http-nio-8080-exec-7] org.hibernate.SQL                        : 
    select
        ms1_0.id,
        ms1_0.created_at,
        ms1_0.employee_id,
        ms1_0.meal_date,
        ms1_0.meal_type,
        ms1_0.updated_at 
    from
        meal_selection ms1_0 
    where
        ms1_0.employee_id=? 
        and ms1_0.meal_date between ? and ?
2026-04-03T21:31:29.429+05:30 DEBUG 46426 --- [canteen-management] [http-nio-8080-exec-4] org.hibernate.SQL                        : 
    select
        ms1_0.id,
        ms1_0.created_at,
        ms1_0.employee_id,
        ms1_0.meal_date,
        ms1_0.meal_type,
        ms1_0.updated_at 
    from
        meal_selection ms1_0 
    where
        ms1_0.employee_id=? 
        and ms1_0.meal_date between ? and ?
2026-04-03T21:31:30.779+05:30 DEBUG 46426 --- [canteen-management] [http-nio-8080-exec-8] org.hibernate.SQL                        : 
    select
        ms1_0.id,
        ms1_0.created_at,
        ms1_0.employee_id,
        ms1_0.meal_date,
        ms1_0.meal_type,
        ms1_0.updated_at 
    from
        meal_selection ms1_0 
    where
        ms1_0.employee_id=? 
        and ms1_0.meal_date between ? and ?
2026-04-03T21:31:32.122+05:30 DEBUG 46426 --- [canteen-management] [http-nio-8080-exec-10] org.hibernate.SQL                        : 
    select
        ms1_0.id,
        ms1_0.created_at,
        ms1_0.employee_id,
        ms1_0.meal_date,
        ms1_0.meal_type,
        ms1_0.updated_at 
    from
        meal_selection ms1_0 
    where
        ms1_0.employee_id=? 
        and ms1_0.meal_date between ? and ?
2026-04-03T21:31:33.479+05:30 DEBUG 46426 --- [canteen-management] [http-nio-8080-exec-6] org.hibernate.SQL                        : 
    select
        ms1_0.id,
        ms1_0.created_at,
        ms1_0.employee_id,
        ms1_0.meal_date,
        ms1_0.meal_type,
        ms1_0.updated_at 
    from
        meal_selection ms1_0 
    where
        ms1_0.employee_id=? 
        and ms1_0.meal_date between ? and ?
2026-04-03T21:31:34.829+05:30 DEBUG 46426 --- [canteen-management] [http-nio-8080-exec-9] org.hibernate.SQL                        : 
    select
        ms1_0.id,
        ms1_0.created_at,
        ms1_0.employee_id,
        ms1_0.meal_date,
        ms1_0.meal_type,
        ms1_0.updated_at 
    from
        meal_selection ms1_0 
    where
        ms1_0.employee_id=? 
        and ms1_0.meal_date between ? and ?
2026-04-03T21:31:36.184+05:30 DEBUG 46426 --- [canteen-management] [http-nio-8080-exec-1] org.hibernate.SQL                        : 
    select
        ms1_0.id,
        ms1_0.created_at,
        ms1_0.employee_id,
        ms1_0.meal_date,
        ms1_0.meal_type,
        ms1_0.updated_at 
    from
        meal_selection ms1_0 
    where
        ms1_0.employee_id=? 
        and ms1_0.meal_date between ? and ?
2026-04-03T21:31:37.537+05:30 DEBUG 46426 --- [canteen-management] [http-nio-8080-exec-2] org.hibernate.SQL                        : 
    select
        ms1_0.id,
        ms1_0.created_at,
        ms1_0.employee_id,
        ms1_0.meal_date,
        ms1_0.meal_type,
        ms1_0.updated_at 
    from
        meal_selection ms1_0 
    where
        ms1_0.employee_id=? 
        and ms1_0.meal_date between ? and ?
2026-04-03T21:34:17.278+05:30 DEBUG 46426 --- [canteen-management] [http-nio-8080-exec-5] org.hibernate.SQL                        : 
    select
        ms1_0.id,
        ms1_0.created_at,
        ms1_0.employee_id,
        ms1_0.meal_date,
        ms1_0.meal_type,
        ms1_0.updated_at 
    from
        meal_selection ms1_0 
    where
        ms1_0.employee_id=? 
        and ms1_0.meal_date between ? and ?
2026-04-03T21:34:17.707+05:30 DEBUG 46426 --- [canteen-management] [http-nio-8080-exec-4] org.hibernate.SQL                        : 
    select
        ms1_0.id,
        ms1_0.created_at,
        ms1_0.employee_id,
        ms1_0.meal_date,
        ms1_0.meal_type,
        ms1_0.updated_at 
    from
        meal_selection ms1_0 
    where
        ms1_0.employee_id=? 
        and ms1_0.meal_date between ? and ?
2026-04-03T21:34:17.879+05:30 DEBUG 46426 --- [canteen-management] [http-nio-8080-exec-8] org.hibernate.SQL                        : 
    select
        ms1_0.id,
        ms1_0.created_at,
        ms1_0.employee_id,
        ms1_0.meal_date,
        ms1_0.meal_type,
        ms1_0.updated_at 
    from
        meal_selection ms1_0 
    where
        ms1_0.employee_id=? 
        and ms1_0.meal_date between ? and ?
2026-04-03T21:34:18.028+05:30 DEBUG 46426 --- [canteen-management] [http-nio-8080-exec-10] org.hibernate.SQL                        : 
    select
        ms1_0.id,
        ms1_0.created_at,
        ms1_0.employee_id,
        ms1_0.meal_date,
        ms1_0.meal_type,
        ms1_0.updated_at 
    from
        meal_selection ms1_0 
    where
        ms1_0.employee_id=? 
        and ms1_0.meal_date between ? and ?
2026-04-03T21:34:19.556+05:30 DEBUG 46426 --- [canteen-management] [http-nio-8080-exec-6] org.hibernate.SQL                        : 
    select
        ms1_0.id,
        ms1_0.created_at,
        ms1_0.employee_id,
        ms1_0.meal_date,
        ms1_0.meal_type,
        ms1_0.updated_at 
    from
        meal_selection ms1_0 
    where
        ms1_0.employee_id=? 
        and ms1_0.meal_date between ? and ?
2026-04-03T21:44:15.789+05:30  INFO 46426 --- [canteen-management] [SpringApplicationShutdownHook] o.s.b.w.e.tomcat.GracefulShutdown        : Commencing graceful shutdown. Waiting for active requests to complete
2026-04-03T21:44:17.799+05:30  INFO 46426 --- [canteen-management] [tomcat-shutdown] o.s.b.w.e.tomcat.GracefulShutdown        : Graceful shutdown complete
2026-04-03T21:44:17.806+05:30  INFO 46426 --- [canteen-management] [SpringApplicationShutdownHook] j.LocalContainerEntityManagerFactoryBean : Closing JPA EntityManagerFactory for persistence unit 'default'
2026-04-03T21:44:17.810+05:30  INFO 46426 --- [canteen-management] [SpringApplicationShutdownHook] com.zaxxer.hikari.HikariDataSource       : HikariPool-1 - Shutdown initiated...
2026-04-03T21:44:17.812+05:30  INFO 46426 --- [canteen-management] [SpringApplicationShutdownHook] com.zaxxer.hikari.HikariDataSource       : HikariPool-1 - Shutdown completed.
2026-04-03T21:44:26.940+05:30  INFO 48933 --- [canteen-management] [main] com.office.canteen.CanteenApplication    : Starting CanteenApplication using Java 17.0.12 with PID 48933 (/Users/satwikpoddar/devlopment/java-project/canteen/target/classes started by satwikpoddar in /Users/satwikpoddar/devlopment/java-project/canteen)
2026-04-03T21:44:26.941+05:30  INFO 48933 --- [canteen-management] [main] com.office.canteen.CanteenApplication    : No active profile set, falling back to 1 default profile: "default"
2026-04-03T21:44:27.124+05:30  INFO 48933 --- [canteen-management] [main] .s.d.r.c.RepositoryConfigurationDelegate : Bootstrapping Spring Data JPA repositories in DEFAULT mode.
2026-04-03T21:44:27.140+05:30  INFO 48933 --- [canteen-management] [main] .s.d.r.c.RepositoryConfigurationDelegate : Finished Spring Data repository scanning in 13 ms. Found 1 JPA repository interface.
2026-04-03T21:44:27.290+05:30  INFO 48933 --- [canteen-management] [main] o.s.b.w.embedded.tomcat.TomcatWebServer  : Tomcat initialized with port 8080 (http)
2026-04-03T21:44:27.295+05:30  INFO 48933 --- [canteen-management] [main] o.apache.catalina.core.StandardService   : Starting service [Tomcat]
2026-04-03T21:44:27.295+05:30  INFO 48933 --- [canteen-management] [main] o.apache.catalina.core.StandardEngine    : Starting Servlet engine: [Apache Tomcat/10.1.50]
2026-04-03T21:44:27.310+05:30  INFO 48933 --- [canteen-management] [main] o.a.c.c.C.[Tomcat].[localhost].[/]       : Initializing Spring embedded WebApplicationContext
2026-04-03T21:44:27.310+05:30  INFO 48933 --- [canteen-management] [main] w.s.c.ServletWebServerApplicationContext : Root WebApplicationContext: initialization completed in 357 ms
2026-04-03T21:44:27.353+05:30  INFO 48933 --- [canteen-management] [main] o.hibernate.jpa.internal.util.LogHelper  : HHH000204: Processing PersistenceUnitInfo [name: default]
2026-04-03T21:44:27.368+05:30  INFO 48933 --- [canteen-management] [main] org.hibernate.Version                    : HHH000412: Hibernate ORM core version 6.6.39.Final
2026-04-03T21:44:27.376+05:30  INFO 48933 --- [canteen-management] [main] o.h.c.internal.RegionFactoryInitiator    : HHH000026: Second-level cache disabled
2026-04-03T21:44:27.447+05:30  INFO 48933 --- [canteen-management] [main] o.s.o.j.p.SpringPersistenceUnitInfo      : No LoadTimeWeaver setup: ignoring JPA class transformer
2026-04-03T21:44:27.455+05:30  INFO 48933 --- [canteen-management] [main] com.zaxxer.hikari.HikariDataSource       : HikariPool-1 - Starting...
2026-04-03T21:44:27.507+05:30  INFO 48933 --- [canteen-management] [main] com.zaxxer.hikari.pool.HikariPool        : HikariPool-1 - Added connection conn0: url=jdbc:h2:mem:canteen-db user=SA
2026-04-03T21:44:27.507+05:30  INFO 48933 --- [canteen-management] [main] com.zaxxer.hikari.HikariDataSource       : HikariPool-1 - Start completed.
2026-04-03T21:44:27.526+05:30  INFO 48933 --- [canteen-management] [main] org.hibernate.orm.connections.pooling    : HHH10001005: Database info:
	Database JDBC URL [Connecting through datasource 'HikariDataSource (HikariPool-1)']
	Database driver: undefined/unknown
	Database version: 2.3.232
	Autocommit mode: undefined/unknown
	Isolation level: undefined/unknown
	Minimum pool size: undefined/unknown
	Maximum pool size: undefined/unknown
2026-04-03T21:44:27.733+05:30  INFO 48933 --- [canteen-management] [main] o.h.e.t.j.p.i.JtaPlatformInitiator       : HHH000489: No JTA platform available (set 'hibernate.transaction.jta.platform' to enable JTA platform integration)
2026-04-03T21:44:27.746+05:30 DEBUG 48933 --- [canteen-management] [main] org.hibernate.SQL                        : 
    create table meal_selection (
        id bigint generated by default as identity,
        created_at timestamp(6),
        employee_id bigint not null,
        meal_date date not null,
        meal_type enum ('NONE','NON_VEG','NO_MEAL','VEG') not null,
        updated_at timestamp(6),
        primary key (id)
    )
2026-04-03T21:44:27.749+05:30 DEBUG 48933 --- [canteen-management] [main] org.hibernate.SQL                        : 
    alter table if exists meal_selection 
       drop constraint if exists UKof7j3fust3jueua0epiha0ure
2026-04-03T21:44:27.749+05:30 DEBUG 48933 --- [canteen-management] [main] org.hibernate.SQL                        : 
    alter table if exists meal_selection 
       add constraint UKof7j3fust3jueua0epiha0ure unique (employee_id, meal_date)
2026-04-03T21:44:27.750+05:30  INFO 48933 --- [canteen-management] [main] j.LocalContainerEntityManagerFactoryBean : Initialized JPA EntityManagerFactory for persistence unit 'default'
2026-04-03T21:44:27.854+05:30  WARN 48933 --- [canteen-management] [main] .s.s.UserDetailsServiceAutoConfiguration : 

Using generated security password: 01691f17-46a2-4270-8033-cd66a88675b0

This generated password is for development use only. Your security configuration must be updated before running your application in production.

2026-04-03T21:44:27.857+05:30  INFO 48933 --- [canteen-management] [main] r$InitializeUserDetailsManagerConfigurer : Global AuthenticationManager configured with UserDetailsService bean with name inMemoryUserDetailsManager
2026-04-03T21:44:27.977+05:30  INFO 48933 --- [canteen-management] [main] o.s.b.a.h2.H2ConsoleAutoConfiguration    : H2 console available at '/h2-console'. Database available at 'jdbc:h2:mem:canteen-db'
2026-04-03T21:44:28.008+05:30  INFO 48933 --- [canteen-management] [main] o.s.b.w.embedded.tomcat.TomcatWebServer  : Tomcat started on port 8080 (http) with context path '/'
2026-04-03T21:44:28.011+05:30  INFO 48933 --- [canteen-management] [main] com.office.canteen.CanteenApplication    : Started CanteenApplication in 1.2 seconds (process running for 1.284)
2026-04-03T21:44:46.149+05:30  INFO 48933 --- [canteen-management] [http-nio-8080-exec-1] o.a.c.c.C.[Tomcat].[localhost].[/]       : Initializing Spring DispatcherServlet 'dispatcherServlet'
2026-04-03T21:44:46.150+05:30  INFO 48933 --- [canteen-management] [http-nio-8080-exec-1] o.s.web.servlet.DispatcherServlet        : Initializing Servlet 'dispatcherServlet'
2026-04-03T21:44:46.151+05:30  INFO 48933 --- [canteen-management] [http-nio-8080-exec-1] o.s.web.servlet.DispatcherServlet        : Completed initialization in 1 ms
2026-04-03T21:44:46.833+05:30 DEBUG 48933 --- [canteen-management] [http-nio-8080-exec-3] org.hibernate.SQL                        : 
    select
        ms1_0.id,
        ms1_0.created_at,
        ms1_0.employee_id,
        ms1_0.meal_date,
        ms1_0.meal_type,
        ms1_0.updated_at 
    from
        meal_selection ms1_0 
    where
        ms1_0.meal_date between ? and ? 
    order by
        ms1_0.meal_date,
        ms1_0.employee_id
2026-04-03T21:45:01.099+05:30 DEBUG 48933 --- [canteen-management] [http-nio-8080-exec-5] org.hibernate.SQL                        : 
    select
        ms1_0.id,
        ms1_0.created_at,
        ms1_0.employee_id,
        ms1_0.meal_date,
        ms1_0.meal_type,
        ms1_0.updated_at 
    from
        meal_selection ms1_0 
    where
        ms1_0.meal_date between ? and ? 
    order by
        ms1_0.meal_date,
        ms1_0.employee_id
2026-04-03T21:45:08.134+05:30 DEBUG 48933 --- [canteen-management] [http-nio-8080-exec-7] org.hibernate.SQL                        : 
    select
        ms1_0.id,
        ms1_0.created_at,
        ms1_0.employee_id,
        ms1_0.meal_date,
        ms1_0.meal_type,
        ms1_0.updated_at 
    from
        meal_selection ms1_0 
    where
        ms1_0.employee_id=? 
        and ms1_0.meal_date between ? and ?
2026-04-03T21:45:16.835+05:30 DEBUG 48933 --- [canteen-management] [http-nio-8080-exec-8] org.hibernate.SQL                        : 
    select
        ms1_0.id,
        ms1_0.created_at,
        ms1_0.employee_id,
        ms1_0.meal_date,
        ms1_0.meal_type,
        ms1_0.updated_at 
    from
        meal_selection ms1_0 
    where
        ms1_0.employee_id=? 
        and ms1_0.meal_date between ? and ?
2026-04-03T21:45:31.755+05:30 DEBUG 48933 --- [canteen-management] [http-nio-8080-exec-9] org.hibernate.SQL                        : 
    select
        ms1_0.id,
        ms1_0.created_at,
        ms1_0.employee_id,
        ms1_0.meal_date,
        ms1_0.meal_type,
        ms1_0.updated_at 
    from
        meal_selection ms1_0 
    where
        ms1_0.employee_id=? 
        and ms1_0.meal_date=?
2026-04-03T21:45:31.764+05:30 DEBUG 48933 --- [canteen-management] [http-nio-8080-exec-9] org.hibernate.SQL                        : 
    insert 
    into
        meal_selection
        (created_at, employee_id, meal_date, meal_type, updated_at, id) 
    values
        (?, ?, ?, ?, ?, default)
2026-04-03T21:45:31.773+05:30 DEBUG 48933 --- [canteen-management] [http-nio-8080-exec-9] org.hibernate.SQL                        : 
    select
        ms1_0.id,
        ms1_0.created_at,
        ms1_0.employee_id,
        ms1_0.meal_date,
        ms1_0.meal_type,
        ms1_0.updated_at 
    from
        meal_selection ms1_0 
    where
        ms1_0.employee_id=? 
        and ms1_0.meal_date=?
2026-04-03T21:45:31.774+05:30 DEBUG 48933 --- [canteen-management] [http-nio-8080-exec-9] org.hibernate.SQL                        : 
    insert 
    into
        meal_selection
        (created_at, employee_id, meal_date, meal_type, updated_at, id) 
    values
        (?, ?, ?, ?, ?, default)
2026-04-03T21:45:31.775+05:30 DEBUG 48933 --- [canteen-management] [http-nio-8080-exec-9] org.hibernate.SQL                        : 
    select
        ms1_0.id,
        ms1_0.created_at,
        ms1_0.employee_id,
        ms1_0.meal_date,
        ms1_0.meal_type,
        ms1_0.updated_at 
    from
        meal_selection ms1_0 
    where
        ms1_0.employee_id=? 
        and ms1_0.meal_date=?
2026-04-03T21:45:31.775+05:30 DEBUG 48933 --- [canteen-management] [http-nio-8080-exec-9] org.hibernate.SQL                        : 
    insert 
    into
        meal_selection
        (created_at, employee_id, meal_date, meal_type, updated_at, id) 
    values
        (?, ?, ?, ?, ?, default)
2026-04-03T21:45:31.776+05:30 DEBUG 48933 --- [canteen-management] [http-nio-8080-exec-9] org.hibernate.SQL                        : 
    select
        ms1_0.id,
        ms1_0.created_at,
        ms1_0.employee_id,
        ms1_0.meal_date,
        ms1_0.meal_type,
        ms1_0.updated_at 
    from
        meal_selection ms1_0 
    where
        ms1_0.employee_id=? 
        and ms1_0.meal_date=?
2026-04-03T21:45:31.776+05:30 DEBUG 48933 --- [canteen-management] [http-nio-8080-exec-9] org.hibernate.SQL                        : 
    insert 
    into
        meal_selection
        (created_at, employee_id, meal_date, meal_type, updated_at, id) 
    values
        (?, ?, ?, ?, ?, default)
2026-04-03T21:45:31.777+05:30 DEBUG 48933 --- [canteen-management] [http-nio-8080-exec-9] org.hibernate.SQL                        : 
    select
        ms1_0.id,
        ms1_0.created_at,
        ms1_0.employee_id,
        ms1_0.meal_date,
        ms1_0.meal_type,
        ms1_0.updated_at 
    from
        meal_selection ms1_0 
    where
        ms1_0.employee_id=? 
        and ms1_0.meal_date=?
2026-04-03T21:45:31.777+05:30 DEBUG 48933 --- [canteen-management] [http-nio-8080-exec-9] org.hibernate.SQL                        : 
    insert 
    into
        meal_selection
        (created_at, employee_id, meal_date, meal_type, updated_at, id) 
    values
        (?, ?, ?, ?, ?, default)
2026-04-03T21:45:31.778+05:30 DEBUG 48933 --- [canteen-management] [http-nio-8080-exec-9] org.hibernate.SQL                        : 
    select
        ms1_0.id,
        ms1_0.created_at,
        ms1_0.employee_id,
        ms1_0.meal_date,
        ms1_0.meal_type,
        ms1_0.updated_at 
    from
        meal_selection ms1_0 
    where
        ms1_0.employee_id=? 
        and ms1_0.meal_date=?
2026-04-03T21:45:31.778+05:30 DEBUG 48933 --- [canteen-management] [http-nio-8080-exec-9] org.hibernate.SQL                        : 
    insert 
    into
        meal_selection
        (created_at, employee_id, meal_date, meal_type, updated_at, id) 
    values
        (?, ?, ?, ?, ?, default)
2026-04-03T21:45:35.821+05:30 DEBUG 48933 --- [canteen-management] [http-nio-8080-exec-1] org.hibernate.SQL                        : 
    select
        ms1_0.id,
        ms1_0.created_at,
        ms1_0.employee_id,
        ms1_0.meal_date,
        ms1_0.meal_type,
        ms1_0.updated_at 
    from
        meal_selection ms1_0 
    where
        ms1_0.meal_date between ? and ? 
    order by
        ms1_0.meal_date,
        ms1_0.employee_id
2026-04-03T21:45:39.945+05:30 DEBUG 48933 --- [canteen-management] [http-nio-8080-exec-3] org.hibernate.SQL                        : 
    select
        ms1_0.id,
        ms1_0.created_at,
        ms1_0.employee_id,
        ms1_0.meal_date,
        ms1_0.meal_type,
        ms1_0.updated_at 
    from
        meal_selection ms1_0 
    where
        ms1_0.meal_date between ? and ? 
    order by
        ms1_0.meal_date,
        ms1_0.employee_id
2026-04-03T21:45:41.081+05:30 DEBUG 48933 --- [canteen-management] [http-nio-8080-exec-2] org.hibernate.SQL                        : 
    select
        ms1_0.id,
        ms1_0.created_at,
        ms1_0.employee_id,
        ms1_0.meal_date,
        ms1_0.meal_type,
        ms1_0.updated_at 
    from
        meal_selection ms1_0 
    where
        ms1_0.meal_date between ? and ? 
    order by
        ms1_0.meal_date,
        ms1_0.employee_id
2026-04-03T21:45:42.552+05:30 DEBUG 48933 --- [canteen-management] [http-nio-8080-exec-4] org.hibernate.SQL                        : 
    select
        ms1_0.id,
        ms1_0.created_at,
        ms1_0.employee_id,
        ms1_0.meal_date,
        ms1_0.meal_type,
        ms1_0.updated_at 
    from
        meal_selection ms1_0 
    where
        ms1_0.meal_date between ? and ? 
    order by
        ms1_0.meal_date,
        ms1_0.employee_id
2026-04-03T21:45:57.531+05:30 DEBUG 48933 --- [canteen-management] [http-nio-8080-exec-6] org.hibernate.SQL                        : 
    select
        ms1_0.id,
        ms1_0.created_at,
        ms1_0.employee_id,
        ms1_0.meal_date,
        ms1_0.meal_type,
        ms1_0.updated_at 
    from
        meal_selection ms1_0 
    where
        ms1_0.employee_id=? 
        and ms1_0.meal_date between ? and ?
2026-04-03T21:46:03.153+05:30 DEBUG 48933 --- [canteen-management] [http-nio-8080-exec-7] org.hibernate.SQL                        : 
    select
        ms1_0.id,
        ms1_0.created_at,
        ms1_0.employee_id,
        ms1_0.meal_date,
        ms1_0.meal_type,
        ms1_0.updated_at 
    from
        meal_selection ms1_0 
    where
        ms1_0.employee_id=? 
        and ms1_0.meal_date between ? and ?
2026-04-03T21:46:07.785+05:30 DEBUG 48933 --- [canteen-management] [http-nio-8080-exec-9] org.hibernate.SQL                        : 
    select
        ms1_0.id,
        ms1_0.created_at,
        ms1_0.employee_id,
        ms1_0.meal_date,
        ms1_0.meal_type,
        ms1_0.updated_at 
    from
        meal_selection ms1_0 
    where
        ms1_0.meal_date between ? and ? 
    order by
        ms1_0.meal_date,
        ms1_0.employee_id
2026-04-03T21:46:23.097+05:30 DEBUG 48933 --- [canteen-management] [http-nio-8080-exec-10] org.hibernate.SQL                        : 
    select
        ms1_0.id,
        ms1_0.created_at,
        ms1_0.employee_id,
        ms1_0.meal_date,
        ms1_0.meal_type,
        ms1_0.updated_at 
    from
        meal_selection ms1_0 
    where
        ms1_0.meal_date between ? and ? 
    order by
        ms1_0.meal_date,
        ms1_0.employee_id
2026-04-03T22:02:12.746+05:30  INFO 48933 --- [canteen-management] [SpringApplicationShutdownHook] o.s.b.w.e.tomcat.GracefulShutdown        : Commencing graceful shutdown. Waiting for active requests to complete
2026-04-03T22:02:14.768+05:30  INFO 48933 --- [canteen-management] [tomcat-shutdown] o.s.b.w.e.tomcat.GracefulShutdown        : Graceful shutdown complete
2026-04-03T22:02:14.775+05:30  INFO 48933 --- [canteen-management] [SpringApplicationShutdownHook] j.LocalContainerEntityManagerFactoryBean : Closing JPA EntityManagerFactory for persistence unit 'default'
2026-04-03T22:02:14.783+05:30  INFO 48933 --- [canteen-management] [SpringApplicationShutdownHook] com.zaxxer.hikari.HikariDataSource       : HikariPool-1 - Shutdown initiated...
2026-04-03T22:02:14.787+05:30  INFO 48933 --- [canteen-management] [SpringApplicationShutdownHook] com.zaxxer.hikari.HikariDataSource       : HikariPool-1 - Shutdown completed.
2026-04-03T22:16:36.679+05:30  INFO 50372 --- [canteen-management] [main] com.office.canteen.CanteenApplication    : Starting CanteenApplication using Java 17.0.12 with PID 50372 (/Users/satwikpoddar/devlopment/java-project/canteen/target/classes started by satwikpoddar in /Users/satwikpoddar/devlopment/java-project/canteen)
2026-04-03T22:16:36.680+05:30  INFO 50372 --- [canteen-management] [main] com.office.canteen.CanteenApplication    : No active profile set, falling back to 1 default profile: "default"
2026-04-03T22:16:36.925+05:30  INFO 50372 --- [canteen-management] [main] .s.d.r.c.RepositoryConfigurationDelegate : Bootstrapping Spring Data JPA repositories in DEFAULT mode.
2026-04-03T22:16:36.943+05:30  INFO 50372 --- [canteen-management] [main] .s.d.r.c.RepositoryConfigurationDelegate : Finished Spring Data repository scanning in 14 ms. Found 1 JPA repository interface.
2026-04-03T22:16:37.102+05:30  INFO 50372 --- [canteen-management] [main] o.s.b.w.embedded.tomcat.TomcatWebServer  : Tomcat initialized with port 8080 (http)
2026-04-03T22:16:37.106+05:30  INFO 50372 --- [canteen-management] [main] o.apache.catalina.core.StandardService   : Starting service [Tomcat]
2026-04-03T22:16:37.106+05:30  INFO 50372 --- [canteen-management] [main] o.apache.catalina.core.StandardEngine    : Starting Servlet engine: [Apache Tomcat/10.1.50]
2026-04-03T22:16:37.121+05:30  INFO 50372 --- [canteen-management] [main] o.a.c.c.C.[Tomcat].[localhost].[/]       : Initializing Spring embedded WebApplicationContext
2026-04-03T22:16:37.121+05:30  INFO 50372 --- [canteen-management] [main] w.s.c.ServletWebServerApplicationContext : Root WebApplicationContext: initialization completed in 419 ms
2026-04-03T22:16:37.180+05:30  INFO 50372 --- [canteen-management] [main] o.hibernate.jpa.internal.util.LogHelper  : HHH000204: Processing PersistenceUnitInfo [name: default]
2026-04-03T22:16:37.199+05:30  INFO 50372 --- [canteen-management] [main] org.hibernate.Version                    : HHH000412: Hibernate ORM core version 6.6.39.Final
2026-04-03T22:16:37.209+05:30  INFO 50372 --- [canteen-management] [main] o.h.c.internal.RegionFactoryInitiator    : HHH000026: Second-level cache disabled
2026-04-03T22:16:37.289+05:30  INFO 50372 --- [canteen-management] [main] o.s.o.j.p.SpringPersistenceUnitInfo      : No LoadTimeWeaver setup: ignoring JPA class transformer
2026-04-03T22:16:37.297+05:30  INFO 50372 --- [canteen-management] [main] com.zaxxer.hikari.HikariDataSource       : HikariPool-1 - Starting...
2026-04-03T22:16:37.355+05:30  INFO 50372 --- [canteen-management] [main] com.zaxxer.hikari.pool.HikariPool        : HikariPool-1 - Added connection conn0: url=jdbc:h2:mem:canteen-db user=SA
2026-04-03T22:16:37.356+05:30  INFO 50372 --- [canteen-management] [main] com.zaxxer.hikari.HikariDataSource       : HikariPool-1 - Start completed.
2026-04-03T22:16:37.376+05:30  INFO 50372 --- [canteen-management] [main] org.hibernate.orm.connections.pooling    : HHH10001005: Database info:
	Database JDBC URL [Connecting through datasource 'HikariDataSource (HikariPool-1)']
	Database driver: undefined/unknown
	Database version: 2.3.232
	Autocommit mode: undefined/unknown
	Isolation level: undefined/unknown
	Minimum pool size: undefined/unknown
	Maximum pool size: undefined/unknown
2026-04-03T22:16:37.633+05:30  INFO 50372 --- [canteen-management] [main] o.h.e.t.j.p.i.JtaPlatformInitiator       : HHH000489: No JTA platform available (set 'hibernate.transaction.jta.platform' to enable JTA platform integration)
2026-04-03T22:16:37.647+05:30 DEBUG 50372 --- [canteen-management] [main] org.hibernate.SQL                        : 
    create table meal_selection (
        id bigint generated by default as identity,
        created_at timestamp(6),
        employee_id bigint not null,
        meal_date date not null,
        meal_type enum ('NONE','NON_VEG','NO_MEAL','VEG') not null,
        updated_at timestamp(6),
        primary key (id)
    )
2026-04-03T22:16:37.650+05:30 DEBUG 50372 --- [canteen-management] [main] org.hibernate.SQL                        : 
    alter table if exists meal_selection 
       drop constraint if exists UKof7j3fust3jueua0epiha0ure
2026-04-03T22:16:37.650+05:30 DEBUG 50372 --- [canteen-management] [main] org.hibernate.SQL                        : 
    alter table if exists meal_selection 
       add constraint UKof7j3fust3jueua0epiha0ure unique (employee_id, meal_date)
2026-04-03T22:16:37.651+05:30  INFO 50372 --- [canteen-management] [main] j.LocalContainerEntityManagerFactoryBean : Initialized JPA EntityManagerFactory for persistence unit 'default'
2026-04-03T22:16:37.766+05:30  WARN 50372 --- [canteen-management] [main] .s.s.UserDetailsServiceAutoConfiguration : 

Using generated security password: eccaadc7-77a9-453e-bdb8-decaffc48dc0

This generated password is for development use only. Your security configuration must be updated before running your application in production.

2026-04-03T22:16:37.768+05:30  INFO 50372 --- [canteen-management] [main] r$InitializeUserDetailsManagerConfigurer : Global AuthenticationManager configured with UserDetailsService bean with name inMemoryUserDetailsManager
2026-04-03T22:16:37.887+05:30  INFO 50372 --- [canteen-management] [main] o.s.b.a.h2.H2ConsoleAutoConfiguration    : H2 console available at '/h2-console'. Database available at 'jdbc:h2:mem:canteen-db'
2026-04-03T22:16:37.928+05:30  INFO 50372 --- [canteen-management] [main] o.s.b.w.embedded.tomcat.TomcatWebServer  : Tomcat started on port 8080 (http) with context path '/'
2026-04-03T22:16:37.932+05:30  INFO 50372 --- [canteen-management] [main] com.office.canteen.CanteenApplication    : Started CanteenApplication in 1.453 seconds (process running for 1.592)
2026-04-03T22:16:58.763+05:30  INFO 50372 --- [canteen-management] [http-nio-8080-exec-1] o.a.c.c.C.[Tomcat].[localhost].[/]       : Initializing Spring DispatcherServlet 'dispatcherServlet'
2026-04-03T22:16:58.764+05:30  INFO 50372 --- [canteen-management] [http-nio-8080-exec-1] o.s.web.servlet.DispatcherServlet        : Initializing Servlet 'dispatcherServlet'
2026-04-03T22:16:58.764+05:30  INFO 50372 --- [canteen-management] [http-nio-8080-exec-1] o.s.web.servlet.DispatcherServlet        : Completed initialization in 0 ms
2026-04-03T22:17:03.432+05:30 DEBUG 50372 --- [canteen-management] [http-nio-8080-exec-2] org.hibernate.SQL                        : 
    select
        ms1_0.id,
        ms1_0.created_at,
        ms1_0.employee_id,
        ms1_0.meal_date,
        ms1_0.meal_type,
        ms1_0.updated_at 
    from
        meal_selection ms1_0 
    where
        ms1_0.employee_id=? 
        and ms1_0.meal_date between ? and ?
2026-04-03T22:17:07.758+05:30 DEBUG 50372 --- [canteen-management] [http-nio-8080-exec-3] org.hibernate.SQL                        : 
    select
        ms1_0.id,
        ms1_0.created_at,
        ms1_0.employee_id,
        ms1_0.meal_date,
        ms1_0.meal_type,
        ms1_0.updated_at 
    from
        meal_selection ms1_0 
    where
        ms1_0.employee_id=? 
        and ms1_0.meal_date between ? and ?
2026-04-03T22:17:13.565+05:30 DEBUG 50372 --- [canteen-management] [http-nio-8080-exec-5] org.hibernate.SQL                        : 
    select
        ms1_0.id,
        ms1_0.created_at,
        ms1_0.employee_id,
        ms1_0.meal_date,
        ms1_0.meal_type,
        ms1_0.updated_at 
    from
        meal_selection ms1_0 
    where
        ms1_0.meal_date between ? and ? 
    order by
        ms1_0.meal_date,
        ms1_0.employee_id
2026-04-03T22:17:36.791+05:30 DEBUG 50372 --- [canteen-management] [http-nio-8080-exec-6] org.hibernate.SQL                        : 
    select
        ms1_0.id,
        ms1_0.created_at,
        ms1_0.employee_id,
        ms1_0.meal_date,
        ms1_0.meal_type,
        ms1_0.updated_at 
    from
        meal_selection ms1_0 
    where
        ms1_0.meal_date between ? and ? 
    order by
        ms1_0.meal_date,
        ms1_0.employee_id
2026-04-03T22:17:37.703+05:30 DEBUG 50372 --- [canteen-management] [http-nio-8080-exec-7] org.hibernate.SQL                        : 
    select
        ms1_0.id,
        ms1_0.created_at,
        ms1_0.employee_id,
        ms1_0.meal_date,
        ms1_0.meal_type,
        ms1_0.updated_at 
    from
        meal_selection ms1_0 
    where
        ms1_0.meal_date between ? and ? 
    order by
        ms1_0.meal_date,
        ms1_0.employee_id
2026-04-03T22:17:38.493+05:30 DEBUG 50372 --- [canteen-management] [http-nio-8080-exec-8] org.hibernate.SQL                        : 
    select
        ms1_0.id,
        ms1_0.created_at,
        ms1_0.employee_id,
        ms1_0.meal_date,
        ms1_0.meal_type,
        ms1_0.updated_at 
    from
        meal_selection ms1_0 
    where
        ms1_0.meal_date between ? and ? 
    order by
        ms1_0.meal_date,
        ms1_0.employee_id
2026-04-03T22:17:44.218+05:30 DEBUG 50372 --- [canteen-management] [http-nio-8080-exec-1] org.hibernate.SQL                        : 
    select
        ms1_0.id,
        ms1_0.created_at,
        ms1_0.employee_id,
        ms1_0.meal_date,
        ms1_0.meal_type,
        ms1_0.updated_at 
    from
        meal_selection ms1_0 
    where
        ms1_0.meal_date between ? and ? 
    order by
        ms1_0.meal_date,
        ms1_0.employee_id
2026-04-03T22:17:51.757+05:30 DEBUG 50372 --- [canteen-management] [http-nio-8080-exec-3] org.hibernate.SQL                        : 
    select
        ms1_0.id,
        ms1_0.created_at,
        ms1_0.employee_id,
        ms1_0.meal_date,
        ms1_0.meal_type,
        ms1_0.updated_at 
    from
        meal_selection ms1_0 
    where
        ms1_0.employee_id=? 
        and ms1_0.meal_date between ? and ?
2026-04-03T22:18:23.904+05:30 DEBUG 50372 --- [canteen-management] [http-nio-8080-exec-5] org.hibernate.SQL                        : 
    select
        ms1_0.id,
        ms1_0.created_at,
        ms1_0.employee_id,
        ms1_0.meal_date,
        ms1_0.meal_type,
        ms1_0.updated_at 
    from
        meal_selection ms1_0 
    where
        ms1_0.employee_id=? 
        and ms1_0.meal_date between ? and ?
2026-04-03T22:18:26.127+05:30 DEBUG 50372 --- [canteen-management] [http-nio-8080-exec-6] org.hibernate.SQL                        : 
    select
        ms1_0.id,
        ms1_0.created_at,
        ms1_0.employee_id,
        ms1_0.meal_date,
        ms1_0.meal_type,
        ms1_0.updated_at 
    from
        meal_selection ms1_0 
    where
        ms1_0.employee_id=? 
        and ms1_0.meal_date between ? and ?
2026-04-03T22:18:26.552+05:30 DEBUG 50372 --- [canteen-management] [http-nio-8080-exec-7] org.hibernate.SQL                        : 
    select
        ms1_0.id,
        ms1_0.created_at,
        ms1_0.employee_id,
        ms1_0.meal_date,
        ms1_0.meal_type,
        ms1_0.updated_at 
    from
        meal_selection ms1_0 
    where
        ms1_0.employee_id=? 
        and ms1_0.meal_date between ? and ?
2026-04-03T22:18:29.764+05:30 DEBUG 50372 --- [canteen-management] [http-nio-8080-exec-8] org.hibernate.SQL                        : 
    select
        ms1_0.id,
        ms1_0.created_at,
        ms1_0.employee_id,
        ms1_0.meal_date,
        ms1_0.meal_type,
        ms1_0.updated_at 
    from
        meal_selection ms1_0 
    where
        ms1_0.employee_id=? 
        and ms1_0.meal_date between ? and ?
2026-04-03T22:18:31.698+05:30 DEBUG 50372 --- [canteen-management] [http-nio-8080-exec-9] org.hibernate.SQL                        : 
    select
        ms1_0.id,
        ms1_0.created_at,
        ms1_0.employee_id,
        ms1_0.meal_date,
        ms1_0.meal_type,
        ms1_0.updated_at 
    from
        meal_selection ms1_0 
    where
        ms1_0.employee_id=? 
        and ms1_0.meal_date between ? and ?
2026-04-03T22:18:32.044+05:30 DEBUG 50372 --- [canteen-management] [http-nio-8080-exec-10] org.hibernate.SQL                        : 
    select
        ms1_0.id,
        ms1_0.created_at,
        ms1_0.employee_id,
        ms1_0.meal_date,
        ms1_0.meal_type,
        ms1_0.updated_at 
    from
        meal_selection ms1_0 
    where
        ms1_0.employee_id=? 
        and ms1_0.meal_date between ? and ?
2026-04-03T22:19:22.945+05:30 DEBUG 50372 --- [canteen-management] [http-nio-8080-exec-2] org.hibernate.SQL                        : 
    select
        ms1_0.id,
        ms1_0.created_at,
        ms1_0.employee_id,
        ms1_0.meal_date,
        ms1_0.meal_type,
        ms1_0.updated_at 
    from
        meal_selection ms1_0 
    where
        ms1_0.employee_id=? 
        and ms1_0.meal_date=?
2026-04-03T22:19:22.954+05:30 DEBUG 50372 --- [canteen-management] [http-nio-8080-exec-2] org.hibernate.SQL                        : 
    insert 
    into
        meal_selection
        (created_at, employee_id, meal_date, meal_type, updated_at, id) 
    values
        (?, ?, ?, ?, ?, default)
2026-04-03T22:19:22.961+05:30 DEBUG 50372 --- [canteen-management] [http-nio-8080-exec-2] org.hibernate.SQL                        : 
    select
        ms1_0.id,
        ms1_0.created_at,
        ms1_0.employee_id,
        ms1_0.meal_date,
        ms1_0.meal_type,
        ms1_0.updated_at 
    from
        meal_selection ms1_0 
    where
        ms1_0.employee_id=? 
        and ms1_0.meal_date=?
2026-04-03T22:19:22.962+05:30 DEBUG 50372 --- [canteen-management] [http-nio-8080-exec-2] org.hibernate.SQL                        : 
    insert 
    into
        meal_selection
        (created_at, employee_id, meal_date, meal_type, updated_at, id) 
    values
        (?, ?, ?, ?, ?, default)
2026-04-03T22:19:22.962+05:30 DEBUG 50372 --- [canteen-management] [http-nio-8080-exec-2] org.hibernate.SQL                        : 
    select
        ms1_0.id,
        ms1_0.created_at,
        ms1_0.employee_id,
        ms1_0.meal_date,
        ms1_0.meal_type,
        ms1_0.updated_at 
    from
        meal_selection ms1_0 
    where
        ms1_0.employee_id=? 
        and ms1_0.meal_date=?
2026-04-03T22:19:22.962+05:30 DEBUG 50372 --- [canteen-management] [http-nio-8080-exec-2] org.hibernate.SQL                        : 
    insert 
    into
        meal_selection
        (created_at, employee_id, meal_date, meal_type, updated_at, id) 
    values
        (?, ?, ?, ?, ?, default)
2026-04-03T22:19:22.963+05:30 DEBUG 50372 --- [canteen-management] [http-nio-8080-exec-2] org.hibernate.SQL                        : 
    select
        ms1_0.id,
        ms1_0.created_at,
        ms1_0.employee_id,
        ms1_0.meal_date,
        ms1_0.meal_type,
        ms1_0.updated_at 
    from
        meal_selection ms1_0 
    where
        ms1_0.employee_id=? 
        and ms1_0.meal_date=?
2026-04-03T22:19:22.963+05:30 DEBUG 50372 --- [canteen-management] [http-nio-8080-exec-2] org.hibernate.SQL                        : 
    insert 
    into
        meal_selection
        (created_at, employee_id, meal_date, meal_type, updated_at, id) 
    values
        (?, ?, ?, ?, ?, default)
2026-04-03T22:19:22.964+05:30 DEBUG 50372 --- [canteen-management] [http-nio-8080-exec-2] org.hibernate.SQL                        : 
    select
        ms1_0.id,
        ms1_0.created_at,
        ms1_0.employee_id,
        ms1_0.meal_date,
        ms1_0.meal_type,
        ms1_0.updated_at 
    from
        meal_selection ms1_0 
    where
        ms1_0.employee_id=? 
        and ms1_0.meal_date=?
2026-04-03T22:19:22.964+05:30 DEBUG 50372 --- [canteen-management] [http-nio-8080-exec-2] org.hibernate.SQL                        : 
    insert 
    into
        meal_selection
        (created_at, employee_id, meal_date, meal_type, updated_at, id) 
    values
        (?, ?, ?, ?, ?, default)
2026-04-03T22:19:38.339+05:30 DEBUG 50372 --- [canteen-management] [http-nio-8080-exec-3] org.hibernate.SQL                        : 
    select
        ms1_0.id,
        ms1_0.created_at,
        ms1_0.employee_id,
        ms1_0.meal_date,
        ms1_0.meal_type,
        ms1_0.updated_at 
    from
        meal_selection ms1_0 
    where
        ms1_0.employee_id=? 
        and ms1_0.meal_date between ? and ?
2026-04-03T22:20:18.253+05:30 DEBUG 50372 --- [canteen-management] [http-nio-8080-exec-5] org.hibernate.SQL                        : 
    select
        ms1_0.id,
        ms1_0.created_at,
        ms1_0.employee_id,
        ms1_0.meal_date,
        ms1_0.meal_type,
        ms1_0.updated_at 
    from
        meal_selection ms1_0 
    where
        ms1_0.employee_id=? 
        and ms1_0.meal_date=?
2026-04-03T22:20:18.255+05:30 DEBUG 50372 --- [canteen-management] [http-nio-8080-exec-5] org.hibernate.SQL                        : 
    insert 
    into
        meal_selection
        (created_at, employee_id, meal_date, meal_type, updated_at, id) 
    values
        (?, ?, ?, ?, ?, default)
2026-04-03T22:20:18.257+05:30 DEBUG 50372 --- [canteen-management] [http-nio-8080-exec-5] org.hibernate.SQL                        : 
    select
        ms1_0.id,
        ms1_0.created_at,
        ms1_0.employee_id,
        ms1_0.meal_date,
        ms1_0.meal_type,
        ms1_0.updated_at 
    from
        meal_selection ms1_0 
    where
        ms1_0.employee_id=? 
        and ms1_0.meal_date=?
2026-04-03T22:20:18.258+05:30 DEBUG 50372 --- [canteen-management] [http-nio-8080-exec-5] org.hibernate.SQL                        : 
    insert 
    into
        meal_selection
        (created_at, employee_id, meal_date, meal_type, updated_at, id) 
    values
        (?, ?, ?, ?, ?, default)
2026-04-03T22:20:18.260+05:30 DEBUG 50372 --- [canteen-management] [http-nio-8080-exec-5] org.hibernate.SQL                        : 
    select
        ms1_0.id,
        ms1_0.created_at,
        ms1_0.employee_id,
        ms1_0.meal_date,
        ms1_0.meal_type,
        ms1_0.updated_at 
    from
        meal_selection ms1_0 
    where
        ms1_0.employee_id=? 
        and ms1_0.meal_date=?
2026-04-03T22:20:18.261+05:30 DEBUG 50372 --- [canteen-management] [http-nio-8080-exec-5] org.hibernate.SQL                        : 
    insert 
    into
        meal_selection
        (created_at, employee_id, meal_date, meal_type, updated_at, id) 
    values
        (?, ?, ?, ?, ?, default)
2026-04-03T22:20:18.262+05:30 DEBUG 50372 --- [canteen-management] [http-nio-8080-exec-5] org.hibernate.SQL                        : 
    select
        ms1_0.id,
        ms1_0.created_at,
        ms1_0.employee_id,
        ms1_0.meal_date,
        ms1_0.meal_type,
        ms1_0.updated_at 
    from
        meal_selection ms1_0 
    where
        ms1_0.employee_id=? 
        and ms1_0.meal_date=?
2026-04-03T22:20:18.263+05:30 DEBUG 50372 --- [canteen-management] [http-nio-8080-exec-5] org.hibernate.SQL                        : 
    insert 
    into
        meal_selection
        (created_at, employee_id, meal_date, meal_type, updated_at, id) 
    values
        (?, ?, ?, ?, ?, default)
2026-04-03T22:20:18.265+05:30 DEBUG 50372 --- [canteen-management] [http-nio-8080-exec-5] org.hibernate.SQL                        : 
    select
        ms1_0.id,
        ms1_0.created_at,
        ms1_0.employee_id,
        ms1_0.meal_date,
        ms1_0.meal_type,
        ms1_0.updated_at 
    from
        meal_selection ms1_0 
    where
        ms1_0.employee_id=? 
        and ms1_0.meal_date=?
2026-04-03T22:20:18.267+05:30 DEBUG 50372 --- [canteen-management] [http-nio-8080-exec-5] org.hibernate.SQL                        : 
    insert 
    into
        meal_selection
        (created_at, employee_id, meal_date, meal_type, updated_at, id) 
    values
        (?, ?, ?, ?, ?, default)
2026-04-03T22:20:18.268+05:30 DEBUG 50372 --- [canteen-management] [http-nio-8080-exec-5] org.hibernate.SQL                        : 
    select
        ms1_0.id,
        ms1_0.created_at,
        ms1_0.employee_id,
        ms1_0.meal_date,
        ms1_0.meal_type,
        ms1_0.updated_at 
    from
        meal_selection ms1_0 
    where
        ms1_0.employee_id=? 
        and ms1_0.meal_date=?
2026-04-03T22:20:18.269+05:30 DEBUG 50372 --- [canteen-management] [http-nio-8080-exec-5] org.hibernate.SQL                        : 
    insert 
    into
        meal_selection
        (created_at, employee_id, meal_date, meal_type, updated_at, id) 
    values
        (?, ?, ?, ?, ?, default)
2026-04-03T22:20:18.270+05:30 DEBUG 50372 --- [canteen-management] [http-nio-8080-exec-5] org.hibernate.SQL                        : 
    select
        ms1_0.id,
        ms1_0.created_at,
        ms1_0.employee_id,
        ms1_0.meal_date,
        ms1_0.meal_type,
        ms1_0.updated_at 
    from
        meal_selection ms1_0 
    where
        ms1_0.employee_id=? 
        and ms1_0.meal_date=?
2026-04-03T22:20:18.271+05:30 DEBUG 50372 --- [canteen-management] [http-nio-8080-exec-5] org.hibernate.SQL                        : 
    insert 
    into
        meal_selection
        (created_at, employee_id, meal_date, meal_type, updated_at, id) 
    values
        (?, ?, ?, ?, ?, default)
2026-04-03T22:20:18.272+05:30 DEBUG 50372 --- [canteen-management] [http-nio-8080-exec-5] org.hibernate.SQL                        : 
    select
        ms1_0.id,
        ms1_0.created_at,
        ms1_0.employee_id,
        ms1_0.meal_date,
        ms1_0.meal_type,
        ms1_0.updated_at 
    from
        meal_selection ms1_0 
    where
        ms1_0.employee_id=? 
        and ms1_0.meal_date=?
2026-04-03T22:20:18.273+05:30 DEBUG 50372 --- [canteen-management] [http-nio-8080-exec-5] org.hibernate.SQL                        : 
    insert 
    into
        meal_selection
        (created_at, employee_id, meal_date, meal_type, updated_at, id) 
    values
        (?, ?, ?, ?, ?, default)
2026-04-03T22:20:18.274+05:30 DEBUG 50372 --- [canteen-management] [http-nio-8080-exec-5] org.hibernate.SQL                        : 
    select
        ms1_0.id,
        ms1_0.created_at,
        ms1_0.employee_id,
        ms1_0.meal_date,
        ms1_0.meal_type,
        ms1_0.updated_at 
    from
        meal_selection ms1_0 
    where
        ms1_0.employee_id=? 
        and ms1_0.meal_date=?
2026-04-03T22:20:18.275+05:30 DEBUG 50372 --- [canteen-management] [http-nio-8080-exec-5] org.hibernate.SQL                        : 
    insert 
    into
        meal_selection
        (created_at, employee_id, meal_date, meal_type, updated_at, id) 
    values
        (?, ?, ?, ?, ?, default)
2026-04-03T22:20:18.276+05:30 DEBUG 50372 --- [canteen-management] [http-nio-8080-exec-5] org.hibernate.SQL                        : 
    select
        ms1_0.id,
        ms1_0.created_at,
        ms1_0.employee_id,
        ms1_0.meal_date,
        ms1_0.meal_type,
        ms1_0.updated_at 
    from
        meal_selection ms1_0 
    where
        ms1_0.employee_id=? 
        and ms1_0.meal_date=?
2026-04-03T22:20:18.278+05:30 DEBUG 50372 --- [canteen-management] [http-nio-8080-exec-5] org.hibernate.SQL                        : 
    insert 
    into
        meal_selection
        (created_at, employee_id, meal_date, meal_type, updated_at, id) 
    values
        (?, ?, ?, ?, ?, default)
2026-04-03T22:20:18.279+05:30 DEBUG 50372 --- [canteen-management] [http-nio-8080-exec-5] org.hibernate.SQL                        : 
    select
        ms1_0.id,
        ms1_0.created_at,
        ms1_0.employee_id,
        ms1_0.meal_date,
        ms1_0.meal_type,
        ms1_0.updated_at 
    from
        meal_selection ms1_0 
    where
        ms1_0.employee_id=? 
        and ms1_0.meal_date=?
2026-04-03T22:20:18.280+05:30 DEBUG 50372 --- [canteen-management] [http-nio-8080-exec-5] org.hibernate.SQL                        : 
    insert 
    into
        meal_selection
        (created_at, employee_id, meal_date, meal_type, updated_at, id) 
    values
        (?, ?, ?, ?, ?, default)
2026-04-03T22:20:18.281+05:30 DEBUG 50372 --- [canteen-management] [http-nio-8080-exec-5] org.hibernate.SQL                        : 
    select
        ms1_0.id,
        ms1_0.created_at,
        ms1_0.employee_id,
        ms1_0.meal_date,
        ms1_0.meal_type,
        ms1_0.updated_at 
    from
        meal_selection ms1_0 
    where
        ms1_0.employee_id=? 
        and ms1_0.meal_date=?
2026-04-03T22:20:18.282+05:30 DEBUG 50372 --- [canteen-management] [http-nio-8080-exec-5] org.hibernate.SQL                        : 
    insert 
    into
        meal_selection
        (created_at, employee_id, meal_date, meal_type, updated_at, id) 
    values
        (?, ?, ?, ?, ?, default)
2026-04-03T22:20:18.283+05:30 DEBUG 50372 --- [canteen-management] [http-nio-8080-exec-5] org.hibernate.SQL                        : 
    select
        ms1_0.id,
        ms1_0.created_at,
        ms1_0.employee_id,
        ms1_0.meal_date,
        ms1_0.meal_type,
        ms1_0.updated_at 
    from
        meal_selection ms1_0 
    where
        ms1_0.employee_id=? 
        and ms1_0.meal_date=?
2026-04-03T22:20:18.283+05:30 DEBUG 50372 --- [canteen-management] [http-nio-8080-exec-5] org.hibernate.SQL                        : 
    insert 
    into
        meal_selection
        (created_at, employee_id, meal_date, meal_type, updated_at, id) 
    values
        (?, ?, ?, ?, ?, default)
2026-04-03T22:20:18.284+05:30 DEBUG 50372 --- [canteen-management] [http-nio-8080-exec-5] org.hibernate.SQL                        : 
    select
        ms1_0.id,
        ms1_0.created_at,
        ms1_0.employee_id,
        ms1_0.meal_date,
        ms1_0.meal_type,
        ms1_0.updated_at 
    from
        meal_selection ms1_0 
    where
        ms1_0.employee_id=? 
        and ms1_0.meal_date=?
2026-04-03T22:20:18.284+05:30 DEBUG 50372 --- [canteen-management] [http-nio-8080-exec-5] org.hibernate.SQL                        : 
    insert 
    into
        meal_selection
        (created_at, employee_id, meal_date, meal_type, updated_at, id) 
    values
        (?, ?, ?, ?, ?, default)
2026-04-03T22:20:18.285+05:30 DEBUG 50372 --- [canteen-management] [http-nio-8080-exec-5] org.hibernate.SQL                        : 
    select
        ms1_0.id,
        ms1_0.created_at,
        ms1_0.employee_id,
        ms1_0.meal_date,
        ms1_0.meal_type,
        ms1_0.updated_at 
    from
        meal_selection ms1_0 
    where
        ms1_0.employee_id=? 
        and ms1_0.meal_date=?
2026-04-03T22:20:18.286+05:30 DEBUG 50372 --- [canteen-management] [http-nio-8080-exec-5] org.hibernate.SQL                        : 
    insert 
    into
        meal_selection
        (created_at, employee_id, meal_date, meal_type, updated_at, id) 
    values
        (?, ?, ?, ?, ?, default)
2026-04-03T22:20:18.287+05:30 DEBUG 50372 --- [canteen-management] [http-nio-8080-exec-5] org.hibernate.SQL                        : 
    select
        ms1_0.id,
        ms1_0.created_at,
        ms1_0.employee_id,
        ms1_0.meal_date,
        ms1_0.meal_type,
        ms1_0.updated_at 
    from
        meal_selection ms1_0 
    where
        ms1_0.employee_id=? 
        and ms1_0.meal_date=?
2026-04-03T22:20:18.287+05:30 DEBUG 50372 --- [canteen-management] [http-nio-8080-exec-5] org.hibernate.SQL                        : 
    insert 
    into
        meal_selection
        (created_at, employee_id, meal_date, meal_type, updated_at, id) 
    values
        (?, ?, ?, ?, ?, default)
2026-04-03T22:20:18.288+05:30 DEBUG 50372 --- [canteen-management] [http-nio-8080-exec-5] org.hibernate.SQL                        : 
    select
        ms1_0.id,
        ms1_0.created_at,
        ms1_0.employee_id,
        ms1_0.meal_date,
        ms1_0.meal_type,
        ms1_0.updated_at 
    from
        meal_selection ms1_0 
    where
        ms1_0.employee_id=? 
        and ms1_0.meal_date=?
2026-04-03T22:20:18.288+05:30 DEBUG 50372 --- [canteen-management] [http-nio-8080-exec-5] org.hibernate.SQL                        : 
    insert 
    into
        meal_selection
        (created_at, employee_id, meal_date, meal_type, updated_at, id) 
    values
        (?, ?, ?, ?, ?, default)
2026-04-03T22:20:18.289+05:30 DEBUG 50372 --- [canteen-management] [http-nio-8080-exec-5] org.hibernate.SQL                        : 
    select
        ms1_0.id,
        ms1_0.created_at,
        ms1_0.employee_id,
        ms1_0.meal_date,
        ms1_0.meal_type,
        ms1_0.updated_at 
    from
        meal_selection ms1_0 
    where
        ms1_0.employee_id=? 
        and ms1_0.meal_date=?
2026-04-03T22:20:18.289+05:30 DEBUG 50372 --- [canteen-management] [http-nio-8080-exec-5] org.hibernate.SQL                        : 
    insert 
    into
        meal_selection
        (created_at, employee_id, meal_date, meal_type, updated_at, id) 
    values
        (?, ?, ?, ?, ?, default)
2026-04-03T22:20:18.290+05:30 DEBUG 50372 --- [canteen-management] [http-nio-8080-exec-5] org.hibernate.SQL                        : 
    select
        ms1_0.id,
        ms1_0.created_at,
        ms1_0.employee_id,
        ms1_0.meal_date,
        ms1_0.meal_type,
        ms1_0.updated_at 
    from
        meal_selection ms1_0 
    where
        ms1_0.employee_id=? 
        and ms1_0.meal_date=?
2026-04-03T22:20:18.291+05:30 DEBUG 50372 --- [canteen-management] [http-nio-8080-exec-5] org.hibernate.SQL                        : 
    insert 
    into
        meal_selection
        (created_at, employee_id, meal_date, meal_type, updated_at, id) 
    values
        (?, ?, ?, ?, ?, default)
2026-04-03T22:20:18.291+05:30 DEBUG 50372 --- [canteen-management] [http-nio-8080-exec-5] org.hibernate.SQL                        : 
    select
        ms1_0.id,
        ms1_0.created_at,
        ms1_0.employee_id,
        ms1_0.meal_date,
        ms1_0.meal_type,
        ms1_0.updated_at 
    from
        meal_selection ms1_0 
    where
        ms1_0.employee_id=? 
        and ms1_0.meal_date=?
2026-04-03T22:20:18.292+05:30 DEBUG 50372 --- [canteen-management] [http-nio-8080-exec-5] org.hibernate.SQL                        : 
    insert 
    into
        meal_selection
        (created_at, employee_id, meal_date, meal_type, updated_at, id) 
    values
        (?, ?, ?, ?, ?, default)
2026-04-03T22:20:18.293+05:30 DEBUG 50372 --- [canteen-management] [http-nio-8080-exec-5] org.hibernate.SQL                        : 
    select
        ms1_0.id,
        ms1_0.created_at,
        ms1_0.employee_id,
        ms1_0.meal_date,
        ms1_0.meal_type,
        ms1_0.updated_at 
    from
        meal_selection ms1_0 
    where
        ms1_0.employee_id=? 
        and ms1_0.meal_date=?
2026-04-03T22:20:18.293+05:30 DEBUG 50372 --- [canteen-management] [http-nio-8080-exec-5] org.hibernate.SQL                        : 
    insert 
    into
        meal_selection
        (created_at, employee_id, meal_date, meal_type, updated_at, id) 
    values
        (?, ?, ?, ?, ?, default)
2026-04-03T22:20:21.005+05:30 DEBUG 50372 --- [canteen-management] [http-nio-8080-exec-6] org.hibernate.SQL                        : 
    select
        ms1_0.id,
        ms1_0.created_at,
        ms1_0.employee_id,
        ms1_0.meal_date,
        ms1_0.meal_type,
        ms1_0.updated_at 
    from
        meal_selection ms1_0 
    where
        ms1_0.employee_id=? 
        and ms1_0.meal_date between ? and ?
2026-04-03T22:20:40.509+05:30 DEBUG 50372 --- [canteen-management] [http-nio-8080-exec-8] org.hibernate.SQL                        : 
    select
        ms1_0.id,
        ms1_0.created_at,
        ms1_0.employee_id,
        ms1_0.meal_date,
        ms1_0.meal_type,
        ms1_0.updated_at 
    from
        meal_selection ms1_0 
    where
        ms1_0.meal_date between ? and ? 
    order by
        ms1_0.meal_date,
        ms1_0.employee_id
2026-04-03T22:20:43.618+05:30 DEBUG 50372 --- [canteen-management] [http-nio-8080-exec-9] org.hibernate.SQL                        : 
    select
        ms1_0.id,
        ms1_0.created_at,
        ms1_0.employee_id,
        ms1_0.meal_date,
        ms1_0.meal_type,
        ms1_0.updated_at 
    from
        meal_selection ms1_0 
    where
        ms1_0.meal_date between ? and ? 
    order by
        ms1_0.meal_date,
        ms1_0.employee_id
2026-04-03T22:20:52.185+05:30 DEBUG 50372 --- [canteen-management] [http-nio-8080-exec-10] org.hibernate.SQL                        : 
    select
        ms1_0.id,
        ms1_0.created_at,
        ms1_0.employee_id,
        ms1_0.meal_date,
        ms1_0.meal_type,
        ms1_0.updated_at 
    from
        meal_selection ms1_0 
    where
        ms1_0.meal_date between ? and ? 
    order by
        ms1_0.meal_date,
        ms1_0.employee_id
2026-04-03T22:23:08.107+05:30 DEBUG 50372 --- [canteen-management] [http-nio-8080-exec-4] org.hibernate.SQL                        : 
    select
        ms1_0.id,
        ms1_0.created_at,
        ms1_0.employee_id,
        ms1_0.meal_date,
        ms1_0.meal_type,
        ms1_0.updated_at 
    from
        meal_selection ms1_0 
    where
        ms1_0.meal_date between ? and ? 
    order by
        ms1_0.meal_date,
        ms1_0.employee_id
2026-04-03T22:26:02.843+05:30 DEBUG 50372 --- [canteen-management] [http-nio-8080-exec-7] org.hibernate.SQL                        : 
    select
        ms1_0.id,
        ms1_0.created_at,
        ms1_0.employee_id,
        ms1_0.meal_date,
        ms1_0.meal_type,
        ms1_0.updated_at 
    from
        meal_selection ms1_0 
    where
        ms1_0.employee_id=? 
        and ms1_0.meal_date between ? and ?
2026-04-03T22:26:05.328+05:30 DEBUG 50372 --- [canteen-management] [http-nio-8080-exec-9] org.hibernate.SQL                        : 
    select
        ms1_0.id,
        ms1_0.created_at,
        ms1_0.employee_id,
        ms1_0.meal_date,
        ms1_0.meal_type,
        ms1_0.updated_at 
    from
        meal_selection ms1_0 
    where
        ms1_0.meal_date between ? and ? 
    order by
        ms1_0.meal_date,
        ms1_0.employee_id
2026-04-03T22:26:10.411+05:30 DEBUG 50372 --- [canteen-management] [http-nio-8080-exec-10] org.hibernate.SQL                        : 
    select
        ms1_0.id,
        ms1_0.created_at,
        ms1_0.employee_id,
        ms1_0.meal_date,
        ms1_0.meal_type,
        ms1_0.updated_at 
    from
        meal_selection ms1_0 
    where
        ms1_0.meal_date between ? and ? 
    order by
        ms1_0.meal_date,
        ms1_0.employee_id
2026-04-03T22:26:14.019+05:30 DEBUG 50372 --- [canteen-management] [http-nio-8080-exec-1] org.hibernate.SQL                        : 
    select
        ms1_0.id,
        ms1_0.created_at,
        ms1_0.employee_id,
        ms1_0.meal_date,
        ms1_0.meal_type,
        ms1_0.updated_at 
    from
        meal_selection ms1_0 
    where
        ms1_0.meal_date between ? and ? 
    order by
        ms1_0.meal_date,
        ms1_0.employee_id
2026-04-03T22:29:08.713+05:30 DEBUG 50372 --- [canteen-management] [http-nio-8080-exec-4] org.hibernate.SQL                        : 
    select
        ms1_0.id,
        ms1_0.created_at,
        ms1_0.employee_id,
        ms1_0.meal_date,
        ms1_0.meal_type,
        ms1_0.updated_at 
    from
        meal_selection ms1_0 
    where
        ms1_0.employee_id=? 
        and ms1_0.meal_date between ? and ?
2026-04-03T22:29:10.134+05:30 DEBUG 50372 --- [canteen-management] [http-nio-8080-exec-5] org.hibernate.SQL                        : 
    select
        ms1_0.id,
        ms1_0.created_at,
        ms1_0.employee_id,
        ms1_0.meal_date,
        ms1_0.meal_type,
        ms1_0.updated_at 
    from
        meal_selection ms1_0 
    where
        ms1_0.employee_id=? 
        and ms1_0.meal_date between ? and ?
2026-04-03T22:29:11.176+05:30 DEBUG 50372 --- [canteen-management] [http-nio-8080-exec-6] org.hibernate.SQL                        : 
    select
        ms1_0.id,
        ms1_0.created_at,
        ms1_0.employee_id,
        ms1_0.meal_date,
        ms1_0.meal_type,
        ms1_0.updated_at 
    from
        meal_selection ms1_0 
    where
        ms1_0.employee_id=? 
        and ms1_0.meal_date between ? and ?
2026-04-03T22:29:11.949+05:30 DEBUG 50372 --- [canteen-management] [http-nio-8080-exec-7] org.hibernate.SQL                        : 
    select
        ms1_0.id,
        ms1_0.created_at,
        ms1_0.employee_id,
        ms1_0.meal_date,
        ms1_0.meal_type,
        ms1_0.updated_at 
    from
        meal_selection ms1_0 
    where
        ms1_0.employee_id=? 
        and ms1_0.meal_date between ? and ?
2026-04-03T22:29:13.170+05:30 DEBUG 50372 --- [canteen-management] [http-nio-8080-exec-8] org.hibernate.SQL                        : 
    select
        ms1_0.id,
        ms1_0.created_at,
        ms1_0.employee_id,
        ms1_0.meal_date,
        ms1_0.meal_type,
        ms1_0.updated_at 
    from
        meal_selection ms1_0 
    where
        ms1_0.employee_id=? 
        and ms1_0.meal_date between ? and ?
2026-04-03T22:29:13.986+05:30 DEBUG 50372 --- [canteen-management] [http-nio-8080-exec-9] org.hibernate.SQL                        : 
    select
        ms1_0.id,
        ms1_0.created_at,
        ms1_0.employee_id,
        ms1_0.meal_date,
        ms1_0.meal_type,
        ms1_0.updated_at 
    from
        meal_selection ms1_0 
    where
        ms1_0.employee_id=? 
        and ms1_0.meal_date between ? and ?
2026-04-03T22:29:14.638+05:30 DEBUG 50372 --- [canteen-management] [http-nio-8080-exec-10] org.hibernate.SQL                        : 
    select
        ms1_0.id,
        ms1_0.created_at,
        ms1_0.employee_id,
        ms1_0.meal_date,
        ms1_0.meal_type,
        ms1_0.updated_at 
    from
        meal_selection ms1_0 
    where
        ms1_0.employee_id=? 
        and ms1_0.meal_date between ? and ?
2026-04-03T22:29:15.326+05:30 DEBUG 50372 --- [canteen-management] [http-nio-8080-exec-1] org.hibernate.SQL                        : 
    select
        ms1_0.id,
        ms1_0.created_at,
        ms1_0.employee_id,
        ms1_0.meal_date,
        ms1_0.meal_type,
        ms1_0.updated_at 
    from
        meal_selection ms1_0 
    where
        ms1_0.employee_id=? 
        and ms1_0.meal_date between ? and ?
2026-04-03T22:29:16.023+05:30 DEBUG 50372 --- [canteen-management] [http-nio-8080-exec-2] org.hibernate.SQL                        : 
    select
        ms1_0.id,
        ms1_0.created_at,
        ms1_0.employee_id,
        ms1_0.meal_date,
        ms1_0.meal_type,
        ms1_0.updated_at 
    from
        meal_selection ms1_0 
    where
        ms1_0.employee_id=? 
        and ms1_0.meal_date between ? and ?
2026-04-03T22:29:16.661+05:30 DEBUG 50372 --- [canteen-management] [http-nio-8080-exec-3] org.hibernate.SQL                        : 
    select
        ms1_0.id,
        ms1_0.created_at,
        ms1_0.employee_id,
        ms1_0.meal_date,
        ms1_0.meal_type,
        ms1_0.updated_at 
    from
        meal_selection ms1_0 
    where
        ms1_0.employee_id=? 
        and ms1_0.meal_date between ? and ?
2026-04-03T22:29:17.191+05:30 DEBUG 50372 --- [canteen-management] [http-nio-8080-exec-4] org.hibernate.SQL                        : 
    select
        ms1_0.id,
        ms1_0.created_at,
        ms1_0.employee_id,
        ms1_0.meal_date,
        ms1_0.meal_type,
        ms1_0.updated_at 
    from
        meal_selection ms1_0 
    where
        ms1_0.employee_id=? 
        and ms1_0.meal_date between ? and ?
2026-04-03T22:29:17.688+05:30 DEBUG 50372 --- [canteen-management] [http-nio-8080-exec-5] org.hibernate.SQL                        : 
    select
        ms1_0.id,
        ms1_0.created_at,
        ms1_0.employee_id,
        ms1_0.meal_date,
        ms1_0.meal_type,
        ms1_0.updated_at 
    from
        meal_selection ms1_0 
    where
        ms1_0.employee_id=? 
        and ms1_0.meal_date between ? and ?
2026-04-03T22:29:18.199+05:30 DEBUG 50372 --- [canteen-management] [http-nio-8080-exec-6] org.hibernate.SQL                        : 
    select
        ms1_0.id,
        ms1_0.created_at,
        ms1_0.employee_id,
        ms1_0.meal_date,
        ms1_0.meal_type,
        ms1_0.updated_at 
    from
        meal_selection ms1_0 
    where
        ms1_0.employee_id=? 
        and ms1_0.meal_date between ? and ?
2026-04-03T22:29:18.749+05:30 DEBUG 50372 --- [canteen-management] [http-nio-8080-exec-7] org.hibernate.SQL                        : 
    select
        ms1_0.id,
        ms1_0.created_at,
        ms1_0.employee_id,
        ms1_0.meal_date,
        ms1_0.meal_type,
        ms1_0.updated_at 
    from
        meal_selection ms1_0 
    where
        ms1_0.employee_id=? 
        and ms1_0.meal_date between ? and ?
2026-04-03T22:29:19.356+05:30 DEBUG 50372 --- [canteen-management] [http-nio-8080-exec-8] org.hibernate.SQL                        : 
    select
        ms1_0.id,
        ms1_0.created_at,
        ms1_0.employee_id,
        ms1_0.meal_date,
        ms1_0.meal_type,
        ms1_0.updated_at 
    from
        meal_selection ms1_0 
    where
        ms1_0.employee_id=? 
        and ms1_0.meal_date between ? and ?
2026-04-03T22:29:19.958+05:30 DEBUG 50372 --- [canteen-management] [http-nio-8080-exec-9] org.hibernate.SQL                        : 
    select
        ms1_0.id,
        ms1_0.created_at,
        ms1_0.employee_id,
        ms1_0.meal_date,
        ms1_0.meal_type,
        ms1_0.updated_at 
    from
        meal_selection ms1_0 
    where
        ms1_0.employee_id=? 
        and ms1_0.meal_date between ? and ?
2026-04-03T22:29:20.527+05:30 DEBUG 50372 --- [canteen-management] [http-nio-8080-exec-10] org.hibernate.SQL                        : 
    select
        ms1_0.id,
        ms1_0.created_at,
        ms1_0.employee_id,
        ms1_0.meal_date,
        ms1_0.meal_type,
        ms1_0.updated_at 
    from
        meal_selection ms1_0 
    where
        ms1_0.employee_id=? 
        and ms1_0.meal_date between ? and ?
2026-04-03T22:29:21.250+05:30 DEBUG 50372 --- [canteen-management] [http-nio-8080-exec-1] org.hibernate.SQL                        : 
    select
        ms1_0.id,
        ms1_0.created_at,
        ms1_0.employee_id,
        ms1_0.meal_date,
        ms1_0.meal_type,
        ms1_0.updated_at 
    from
        meal_selection ms1_0 
    where
        ms1_0.employee_id=? 
        and ms1_0.meal_date between ? and ?
2026-04-03T22:29:22.290+05:30 DEBUG 50372 --- [canteen-management] [http-nio-8080-exec-2] org.hibernate.SQL                        : 
    select
        ms1_0.id,
        ms1_0.created_at,
        ms1_0.employee_id,
        ms1_0.meal_date,
        ms1_0.meal_type,
        ms1_0.updated_at 
    from
        meal_selection ms1_0 
    where
        ms1_0.employee_id=? 
        and ms1_0.meal_date between ? and ?
2026-04-03T22:29:23.194+05:30 DEBUG 50372 --- [canteen-management] [http-nio-8080-exec-3] org.hibernate.SQL                        : 
    select
        ms1_0.id,
        ms1_0.created_at,
        ms1_0.employee_id,
        ms1_0.meal_date,
        ms1_0.meal_type,
        ms1_0.updated_at 
    from
        meal_selection ms1_0 
    where
        ms1_0.employee_id=? 
        and ms1_0.meal_date between ? and ?
2026-04-03T22:29:23.898+05:30 DEBUG 50372 --- [canteen-management] [http-nio-8080-exec-4] org.hibernate.SQL                        : 
    select
        ms1_0.id,
        ms1_0.created_at,
        ms1_0.employee_id,
        ms1_0.meal_date,
        ms1_0.meal_type,
        ms1_0.updated_at 
    from
        meal_selection ms1_0 
    where
        ms1_0.employee_id=? 
        and ms1_0.meal_date between ? and ?
2026-04-03T22:29:24.679+05:30 DEBUG 50372 --- [canteen-management] [http-nio-8080-exec-5] org.hibernate.SQL                        : 
    select
        ms1_0.id,
        ms1_0.created_at,
        ms1_0.employee_id,
        ms1_0.meal_date,
        ms1_0.meal_type,
        ms1_0.updated_at 
    from
        meal_selection ms1_0 
    where
        ms1_0.employee_id=? 
        and ms1_0.meal_date between ? and ?
2026-04-03T22:29:25.685+05:30 DEBUG 50372 --- [canteen-management] [http-nio-8080-exec-6] org.hibernate.SQL                        : 
    select
        ms1_0.id,
        ms1_0.created_at,
        ms1_0.employee_id,
        ms1_0.meal_date,
        ms1_0.meal_type,
        ms1_0.updated_at 
    from
        meal_selection ms1_0 
    where
        ms1_0.employee_id=? 
        and ms1_0.meal_date between ? and ?
2026-04-03T22:31:25.819+05:30  INFO 50372 --- [canteen-management] [SpringApplicationShutdownHook] o.s.b.w.e.tomcat.GracefulShutdown        : Commencing graceful shutdown. Waiting for active requests to complete
2026-04-03T22:31:27.830+05:30  INFO 50372 --- [canteen-management] [tomcat-shutdown] o.s.b.w.e.tomcat.GracefulShutdown        : Graceful shutdown complete
2026-04-03T22:31:27.835+05:30  INFO 50372 --- [canteen-management] [SpringApplicationShutdownHook] j.LocalContainerEntityManagerFactoryBean : Closing JPA EntityManagerFactory for persistence unit 'default'
2026-04-03T22:31:27.841+05:30  INFO 50372 --- [canteen-management] [SpringApplicationShutdownHook] com.zaxxer.hikari.HikariDataSource       : HikariPool-1 - Shutdown initiated...
2026-04-03T22:31:27.843+05:30  INFO 50372 --- [canteen-management] [SpringApplicationShutdownHook] com.zaxxer.hikari.HikariDataSource       : HikariPool-1 - Shutdown completed.
2026-04-03T22:31:28.794+05:30  INFO 50997 --- [canteen-management] [main] com.office.canteen.CanteenApplication    : Starting CanteenApplication using Java 17.0.12 with PID 50997 (/Users/satwikpoddar/devlopment/java-project/canteen/target/classes started by satwikpoddar in /Users/satwikpoddar/devlopment/java-project/canteen)
2026-04-03T22:31:28.795+05:30  INFO 50997 --- [canteen-management] [main] com.office.canteen.CanteenApplication    : No active profile set, falling back to 1 default profile: "default"
2026-04-03T22:31:29.100+05:30  INFO 50997 --- [canteen-management] [main] .s.d.r.c.RepositoryConfigurationDelegate : Bootstrapping Spring Data JPA repositories in DEFAULT mode.
2026-04-03T22:31:29.116+05:30  INFO 50997 --- [canteen-management] [main] .s.d.r.c.RepositoryConfigurationDelegate : Finished Spring Data repository scanning in 13 ms. Found 1 JPA repository interface.
2026-04-03T22:31:29.274+05:30  INFO 50997 --- [canteen-management] [main] o.s.b.w.embedded.tomcat.TomcatWebServer  : Tomcat initialized with port 8080 (http)
2026-04-03T22:31:29.279+05:30  INFO 50997 --- [canteen-management] [main] o.apache.catalina.core.StandardService   : Starting service [Tomcat]
2026-04-03T22:31:29.279+05:30  INFO 50997 --- [canteen-management] [main] o.apache.catalina.core.StandardEngine    : Starting Servlet engine: [Apache Tomcat/10.1.50]
2026-04-03T22:31:29.295+05:30  INFO 50997 --- [canteen-management] [main] o.a.c.c.C.[Tomcat].[localhost].[/]       : Initializing Spring embedded WebApplicationContext
2026-04-03T22:31:29.295+05:30  INFO 50997 --- [canteen-management] [main] w.s.c.ServletWebServerApplicationContext : Root WebApplicationContext: initialization completed in 483 ms
2026-04-03T22:31:29.348+05:30  INFO 50997 --- [canteen-management] [main] o.hibernate.jpa.internal.util.LogHelper  : HHH000204: Processing PersistenceUnitInfo [name: default]
2026-04-03T22:31:29.364+05:30  INFO 50997 --- [canteen-management] [main] org.hibernate.Version                    : HHH000412: Hibernate ORM core version 6.6.39.Final
2026-04-03T22:31:29.374+05:30  INFO 50997 --- [canteen-management] [main] o.h.c.internal.RegionFactoryInitiator    : HHH000026: Second-level cache disabled
2026-04-03T22:31:29.446+05:30  INFO 50997 --- [canteen-management] [main] o.s.o.j.p.SpringPersistenceUnitInfo      : No LoadTimeWeaver setup: ignoring JPA class transformer
2026-04-03T22:31:29.454+05:30  INFO 50997 --- [canteen-management] [main] com.zaxxer.hikari.HikariDataSource       : HikariPool-1 - Starting...
2026-04-03T22:31:29.503+05:30  INFO 50997 --- [canteen-management] [main] com.zaxxer.hikari.pool.HikariPool        : HikariPool-1 - Added connection conn0: url=jdbc:h2:mem:canteen-db user=SA
2026-04-03T22:31:29.503+05:30  INFO 50997 --- [canteen-management] [main] com.zaxxer.hikari.HikariDataSource       : HikariPool-1 - Start completed.
2026-04-03T22:31:29.522+05:30  INFO 50997 --- [canteen-management] [main] org.hibernate.orm.connections.pooling    : HHH10001005: Database info:
	Database JDBC URL [Connecting through datasource 'HikariDataSource (HikariPool-1)']
	Database driver: undefined/unknown
	Database version: 2.3.232
	Autocommit mode: undefined/unknown
	Isolation level: undefined/unknown
	Minimum pool size: undefined/unknown
	Maximum pool size: undefined/unknown
2026-04-03T22:31:29.756+05:30  INFO 50997 --- [canteen-management] [main] o.h.e.t.j.p.i.JtaPlatformInitiator       : HHH000489: No JTA platform available (set 'hibernate.transaction.jta.platform' to enable JTA platform integration)
2026-04-03T22:31:29.772+05:30 DEBUG 50997 --- [canteen-management] [main] org.hibernate.SQL                        : 
    create table meal_selection (
        id bigint generated by default as identity,
        created_at timestamp(6),
        employee_id bigint not null,
        meal_date date not null,
        meal_type enum ('NONE','NON_VEG','NO_MEAL','VEG') not null,
        updated_at timestamp(6),
        primary key (id)
    )
2026-04-03T22:31:29.775+05:30 DEBUG 50997 --- [canteen-management] [main] org.hibernate.SQL                        : 
    alter table if exists meal_selection 
       drop constraint if exists UKof7j3fust3jueua0epiha0ure
2026-04-03T22:31:29.775+05:30 DEBUG 50997 --- [canteen-management] [main] org.hibernate.SQL                        : 
    alter table if exists meal_selection 
       add constraint UKof7j3fust3jueua0epiha0ure unique (employee_id, meal_date)
2026-04-03T22:31:29.776+05:30  INFO 50997 --- [canteen-management] [main] j.LocalContainerEntityManagerFactoryBean : Initialized JPA EntityManagerFactory for persistence unit 'default'
2026-04-03T22:31:29.894+05:30  WARN 50997 --- [canteen-management] [main] .s.s.UserDetailsServiceAutoConfiguration : 

Using generated security password: 07614888-777a-4b21-a5a1-4406cd0b08dc

This generated password is for development use only. Your security configuration must be updated before running your application in production.

2026-04-03T22:31:29.896+05:30  INFO 50997 --- [canteen-management] [main] r$InitializeUserDetailsManagerConfigurer : Global AuthenticationManager configured with UserDetailsService bean with name inMemoryUserDetailsManager
2026-04-03T22:31:30.019+05:30  INFO 50997 --- [canteen-management] [main] o.s.b.a.h2.H2ConsoleAutoConfiguration    : H2 console available at '/h2-console'. Database available at 'jdbc:h2:mem:canteen-db'
2026-04-03T22:31:30.058+05:30  INFO 50997 --- [canteen-management] [main] o.s.b.w.embedded.tomcat.TomcatWebServer  : Tomcat started on port 8080 (http) with context path '/'
2026-04-03T22:31:30.062+05:30  INFO 50997 --- [canteen-management] [main] com.office.canteen.CanteenApplication    : Started CanteenApplication in 1.436 seconds (process running for 1.567)
2026-04-03T22:31:31.731+05:30  INFO 50997 --- [canteen-management] [http-nio-8080-exec-1] o.a.c.c.C.[Tomcat].[localhost].[/]       : Initializing Spring DispatcherServlet 'dispatcherServlet'
2026-04-03T22:31:31.731+05:30  INFO 50997 --- [canteen-management] [http-nio-8080-exec-1] o.s.web.servlet.DispatcherServlet        : Initializing Servlet 'dispatcherServlet'
2026-04-03T22:31:31.732+05:30  INFO 50997 --- [canteen-management] [http-nio-8080-exec-1] o.s.web.servlet.DispatcherServlet        : Completed initialization in 0 ms
2026-04-03T22:31:49.755+05:30 DEBUG 50997 --- [canteen-management] [http-nio-8080-exec-3] org.hibernate.SQL                        : 
    select
        ms1_0.id,
        ms1_0.created_at,
        ms1_0.employee_id,
        ms1_0.meal_date,
        ms1_0.meal_type,
        ms1_0.updated_at 
    from
        meal_selection ms1_0 
    where
        ms1_0.meal_date between ? and ? 
    order by
        ms1_0.meal_date,
        ms1_0.employee_id
2026-04-03T22:31:57.592+05:30 DEBUG 50997 --- [canteen-management] [http-nio-8080-exec-6] org.hibernate.SQL                        : 
    select
        ms1_0.id,
        ms1_0.created_at,
        ms1_0.employee_id,
        ms1_0.meal_date,
        ms1_0.meal_type,
        ms1_0.updated_at 
    from
        meal_selection ms1_0 
    where
        ms1_0.meal_date between ? and ? 
    order by
        ms1_0.meal_date,
        ms1_0.employee_id
